/* Gestor Agrícola */
INSERT INTO GestorAgricola VALUES(1);
INSERT INTO GestorAgricola VALUES(2);
INSERT INTO GestorAgricola VALUES(3);
INSERT INTO GestorAgricola VALUES(4);

/* Exploração Agrícola */
INSERT INTO ExploracaoAgricola VALUES(100, 1);
INSERT INTO ExploracaoAgricola VALUES(200, 2);
INSERT INTO ExploracaoAgricola VALUES(300, 3);
INSERT INTO ExploracaoAgricola VALUES(400, 4);

/* Input_Hub */
INSERT INTO Input_Hub VALUES('CT1;40.6389;-8.6553;C1');
INSERT INTO Input_Hub VALUES('CT2;38.0333;-7.8833;C2');
INSERT INTO Input_Hub VALUES('CT14;38.5243;-8.8926;E1');
INSERT INTO Input_Hub VALUES('CT11;39.3167;-7.4167;E2');
INSERT INTO Input_Hub VALUES('CT10;39.7444;-8.8072;P3');

/* Hub */
INSERT INTO Hub (idHub,latitude,longitude,idParticipante) VALUES('CT20', 13.0000, -23.0000, 'P8');
INSERT INTO Hub (idHub,latitude,longitude,idParticipante) VALUES('CT21', 14.0000, -54.0000, 'E9');
INSERT INTO Hub (idHub,latitude,longitude,idParticipante) VALUES('CT22', 40.0000, -8.0000, 'E7');
INSERT INTO Hub (idHub,latitude,longitude,idParticipante) VALUES('CT23', 45.4500, -8.8900, 'E8');

/* Cliente */
INSERT INTO Cliente(EMAIL, TIPO, PLAFOND, NIVELNEGOCIO, NOME, NIF, IDHUB)
VALUES('ampedro2003@gmail.com2003', 'E', 1250.50, 'C', 'Pedro Monteiro', 247677979, 'CT20');
INSERT INTO Cliente(EMAIL, TIPO, PLAFOND, NIVELNEGOCIO, NOME, NIF, IDHUB)
VALUES('joaocostaleitao@gmail.com', 'P', 850198, 'A', 'João Leitão', 324156987, 'CT20');
INSERT INTO Cliente(EMAIL, TIPO, PLAFOND, NIVELNEGOCIO, NOME, NIF, IDHUB)
VALUES('guilhermebarsousa@gmail.com', 'P', 50000, 'B', 'Guilherme Sousa', 154987325, 'CT20');
INSERT INTO Cliente(EMAIL, TIPO, PLAFOND, NIVELNEGOCIO, NOME, NIF, IDHUB)
VALUES('guga@gmail.com', 'E', 15, 'C', 'Gustavo Jorge', 783154951, 'CT21');
INSERT INTO Cliente(EMAIL, TIPO, PLAFOND, NIVELNEGOCIO, NOME, NIF, IDHUB)
VALUES('joca@gmail.com', 'P', 4988, 'B', 'João Rodrigues', 158629481, 'CT21');
INSERT INTO Cliente(EMAIL, TIPO, PLAFOND, NIVELNEGOCIO, NOME, NIF, IDHUB)
VALUES('luana@gmail.com', 'E', 168115, 'C', 'Luana Santos', 123456798, 'CT21');
INSERT INTO Cliente(EMAIL, TIPO, PLAFOND, NIVELNEGOCIO, NOME, NIF, IDHUB)
VALUES('filipa@gmail.com', 'P', 49735, 'B', 'Filipa Carvalho', 876319494, 'CT22');
INSERT INTO Cliente(EMAIL, TIPO, PLAFOND, NIVELNEGOCIO, NOME, NIF, IDHUB)
VALUES('daniela@gmail.com', 'P', 326487, 'A', 'Daniela Santos', 785315948, 'CT23');

/* Cliente - Exploracao Agricola */
INSERT INTO ClienteExploracaoAgricola VALUES(100, 1);
INSERT INTO ClienteExploracaoAgricola VALUES(100, 2);
INSERT INTO ClienteExploracaoAgricola VALUES(100, 3);
INSERT INTO ClienteExploracaoAgricola VALUES(100, 4);
INSERT INTO ClienteExploracaoAgricola VALUES(100, 5);
INSERT INTO ClienteExploracaoAgricola VALUES(100, 6);

INSERT INTO ClienteExploracaoAgricola VALUES(200, 1);
INSERT INTO ClienteExploracaoAgricola VALUES(200, 4);
INSERT INTO ClienteExploracaoAgricola VALUES(200, 5);
INSERT INTO ClienteExploracaoAgricola VALUES(200, 7);
INSERT INTO ClienteExploracaoAgricola VALUES(200, 8);

INSERT INTO ClienteExploracaoAgricola VALUES(300, 1);
INSERT INTO ClienteExploracaoAgricola VALUES(300, 2);
INSERT INTO ClienteExploracaoAgricola VALUES(300, 3);
INSERT INTO ClienteExploracaoAgricola VALUES(300, 4);
INSERT INTO ClienteExploracaoAgricola VALUES(300, 7);
INSERT INTO ClienteExploracaoAgricola VALUES(300, 8);

/* CodigoPostal */
INSERT INTO CodigoPostal VALUES('4440-687', 'Valongo');
INSERT INTO CodigoPostal VALUES('4470-370', 'Maia');
INSERT INTO CodigoPostal VALUES('4440-569', 'Maia');
INSERT INTO CodigoPostal VALUES('4470-149', 'Valongo');
INSERT INTO CodigoPostal VALUES('4450-984', 'Maia');
INSERT INTO CodigoPostal VALUES('4470-498', 'Maia');
INSERT INTO CodigoPostal VALUES('4480-149', 'Maia');
INSERT INTO CodigoPostal VALUES('4480-456', 'Valongo');
INSERT INTO CodigoPostal VALUES('4440-498', 'Maia');
INSERT INTO CodigoPostal VALUES('4470-987', 'Maia');
INSERT INTO CodigoPostal VALUES('4440-798', 'Valongo');
INSERT INTO CodigoPostal VALUES('4470-797', 'Valongo');
INSERT INTO CodigoPostal VALUES('4450-349', 'Leça da Palmeira');
INSERT INTO CodigoPostal VALUES('4470-761', 'Vila Nova da Telha');
INSERT INTO CodigoPostal VALUES('4430-156', 'Vila Nova de Gaia');
INSERT INTO CodigoPostal VALUES('4420-481', 'Valbom');


/* Morada */
INSERT INTO Morada VALUES ('4440-687', 244, 1, 'C');
INSERT INTO Morada VALUES ('4470-370', 487, 2, 'C');
INSERT INTO Morada VALUES ('4440-569', 89, 3, 'C');
INSERT INTO Morada VALUES ('4470-149', 12, 4, 'C');
INSERT INTO Morada VALUES ('4450-984', 64, 5, 'C');
INSERT INTO Morada VALUES ('4470-498', 254, 6, 'C');
INSERT INTO Morada VALUES ('4480-149', 786, 7, 'C');
INSERT INTO Morada VALUES ('4480-456', 27, 8, 'C');

INSERT INTO Morada VALUES ('4440-498', 200, 1, 'E');
INSERT INTO Morada VALUES ('4470-987', 98, 2, 'E');
INSERT INTO Morada VALUES ('4440-798', 100, 3, 'E');
INSERT INTO Morada VALUES ('4470-797', 64, 4, 'E');
INSERT INTO Morada VALUES ('4450-349', 80, 5, 'E');
INSERT INTO Morada VALUES ('4470-761', 89, 6, 'E');
INSERT INTO Morada VALUES ('4430-156', 12, 7, 'E');
INSERT INTO Morada VALUES ('4420-481', 64, 8, 'E');

/* Encomenda */
INSERT INTO Encomenda (CODIGOINTERNOCLIENTE,CODIGOPOSTALMORADA,NUMEROPORTAMORADA,DATAENCOMENDA,ESTADO,DATAENTREGA,DATAPAGAMENTO,VALORTOTAL,IDHUB) VALUES(1, '4440-687', 244, TO_DATE('19-04-2005', 'DD-MM-YYYY'), 'P', TO_DATE('30-04-2005', 'DD-MM-YYYY'), TO_DATE('30-04-2005', 'DD-MM-YYYY'), 548.50, 'CT20');
INSERT INTO Encomenda (CODIGOINTERNOCLIENTE,CODIGOPOSTALMORADA,NUMEROPORTAMORADA,DATAENCOMENDA,ESTADO,DATAENTREGA,DATAPAGAMENTO,VALORTOTAL,IDHUB) VALUES(1, '4440-687', 244, TO_DATE('20-06-2022', 'DD-MM-YYYY'), 'E', null, TO_DATE('25-06-2022', 'DD-MM-YYYY'), 132.54, 'CT20');

INSERT INTO Encomenda (CODIGOINTERNOCLIENTE,CODIGOPOSTALMORADA,NUMEROPORTAMORADA,DATAENCOMENDA,ESTADO,DATAENTREGA,DATAPAGAMENTO,VALORTOTAL,IDHUB) VALUES(2, '4470-987', 98, TO_DATE('20-06-2022', 'DD-MM-YYYY'), 'R', null, null, null, 'CT20');
INSERT INTO Encomenda (CODIGOINTERNOCLIENTE,CODIGOPOSTALMORADA,NUMEROPORTAMORADA,DATAENCOMENDA,ESTADO,DATAENTREGA,DATAPAGAMENTO,VALORTOTAL,IDHUB) VALUES(2, '4470-370', 487, TO_DATE('19-04-2021', 'DD-MM-YYYY'), 'E', TO_DATE('30-04-2021', 'DD-MM-YYYY'), null, null, 'CT20');
INSERT INTO Encomenda (CODIGOINTERNOCLIENTE,CODIGOPOSTALMORADA,NUMEROPORTAMORADA,DATAENCOMENDA,ESTADO,DATAENTREGA,DATAPAGAMENTO,VALORTOTAL,IDHUB) VALUES(2, '4470-370', 487, TO_DATE('05-11-2021', 'DD-MM-YYYY'), 'P', TO_DATE('30-12-2021', 'DD-MM-YYYY'), TO_DATE('15-11-2021', 'DD-MM-YYYY'), 34.99, 'CT20');
INSERT INTO Encomenda (CODIGOINTERNOCLIENTE,CODIGOPOSTALMORADA,NUMEROPORTAMORADA,DATAENCOMENDA,ESTADO,DATAENTREGA,DATAPAGAMENTO,VALORTOTAL,IDHUB) VALUES(2, '4470-370', 487, TO_DATE('05-09-2022', 'DD-MM-YYYY'), 'E', TO_DATE('30-11-2022', 'DD-MM-YYYY'), TO_DATE('15-09-2022', 'DD-MM-YYYY'), 45.62, 'CT20');

INSERT INTO Encomenda (CODIGOINTERNOCLIENTE,CODIGOPOSTALMORADA,NUMEROPORTAMORADA,DATAENCOMENDA,ESTADO,DATAENTREGA,DATAPAGAMENTO,VALORTOTAL,IDHUB) VALUES(3, '4440-569', 89, TO_DATE('07-10-2019', 'DD-MM-YYYY'), 'P', null, TO_DATE('15-11-2019', 'DD-MM-YYYY'), 102.50, 'CT21');
INSERT INTO Encomenda (CODIGOINTERNOCLIENTE,CODIGOPOSTALMORADA,NUMEROPORTAMORADA,DATAENCOMENDA,ESTADO,DATAENTREGA,DATAPAGAMENTO,VALORTOTAL,IDHUB) VALUES(3, '4440-798', 100, TO_DATE('05-07-2006', 'DD-MM-YYYY'), 'E', TO_DATE('03-11-2006', 'DD-MM-YYYY'), TO_DATE('15-11-2006', 'DD-MM-YYYY'), 48.15, 'CT21');

INSERT INTO Encomenda (CODIGOINTERNOCLIENTE,CODIGOPOSTALMORADA,NUMEROPORTAMORADA,DATAENCOMENDA,ESTADO,DATAENTREGA,DATAPAGAMENTO,VALORTOTAL,IDHUB) VALUES(4, '4470-149', 12, TO_DATE('06-07-2010', 'DD-MM-YYYY'), 'R', null, null, null, 'CT21');
INSERT INTO Encomenda (CODIGOINTERNOCLIENTE,CODIGOPOSTALMORADA,NUMEROPORTAMORADA,DATAENCOMENDA,ESTADO,DATAENTREGA,DATAPAGAMENTO,VALORTOTAL,IDHUB) VALUES(4, '4470-149', 12, TO_DATE('19-10-2005', 'DD-MM-YYYY'), 'E', TO_DATE('13-10-2006', 'DD-MM-YYYY'), TO_DATE('07-06-2006', 'DD-MM-YYYY'), 98.99, 'CT21');
INSERT INTO Encomenda (CODIGOINTERNOCLIENTE,CODIGOPOSTALMORADA,NUMEROPORTAMORADA,DATAENCOMENDA,ESTADO,DATAENTREGA,DATAPAGAMENTO,VALORTOTAL,IDHUB) VALUES(4, '4470-149', 12, TO_DATE('21-07-1998', 'DD-MM-YYYY'), 'P', TO_DATE('05-05-1999', 'DD-MM-YYYY'), TO_DATE('10-08-1999', 'DD-MM-YYYY'), 540.20, 'CT21');
INSERT INTO Encomenda (CODIGOINTERNOCLIENTE,CODIGOPOSTALMORADA,NUMEROPORTAMORADA,DATAENCOMENDA,ESTADO,DATAENTREGA,DATAPAGAMENTO,VALORTOTAL,IDHUB) VALUES(4, '4470-797', 64, TO_DATE('09-02-2017', 'DD-MM-YYYY'), 'E', TO_DATE('29-05-2017', 'DD-MM-YYYY'), null, null, 'CT21');

INSERT INTO Encomenda (CODIGOINTERNOCLIENTE,CODIGOPOSTALMORADA,NUMEROPORTAMORADA,DATAENCOMENDA,ESTADO,DATAENTREGA,DATAPAGAMENTO,VALORTOTAL,IDHUB) VALUES(5, '4450-349', 80, TO_DATE('26-06-2009', 'DD-MM-YYYY'), 'E', TO_DATE('16-10-2010', 'DD-MM-YYYY'), TO_DATE('07-01-2010', 'DD-MM-YYYY'), 78.32, 'CT21');
INSERT INTO Encomenda (CODIGOINTERNOCLIENTE,CODIGOPOSTALMORADA,NUMEROPORTAMORADA,DATAENCOMENDA,ESTADO,DATAENTREGA,DATAPAGAMENTO,VALORTOTAL,IDHUB) VALUES(5, '4450-349', 80, TO_DATE('23-10-2019', 'DD-MM-YYYY'), 'P', TO_DATE('26-04-2020', 'DD-MM-YYYY'), TO_DATE('02-05-2020', 'DD-MM-YYYY'), 20.20, 'CT21');
INSERT INTO Encomenda (CODIGOINTERNOCLIENTE,CODIGOPOSTALMORADA,NUMEROPORTAMORADA,DATAENCOMENDA,ESTADO,DATAENTREGA,DATAPAGAMENTO,VALORTOTAL,IDHUB) VALUES(5, '4450-349', 80, TO_DATE('04-02-2022', 'DD-MM-YYYY'), 'E', TO_DATE('26-04-2022', 'DD-MM-YYYY'), null, null, 'CT21');
INSERT INTO Encomenda (CODIGOINTERNOCLIENTE,CODIGOPOSTALMORADA,NUMEROPORTAMORADA,DATAENCOMENDA,ESTADO,DATAENTREGA,DATAPAGAMENTO,VALORTOTAL,IDHUB) VALUES(5, '4450-984', 64, TO_DATE('23-08-2017', 'DD-MM-YYYY'), 'E', TO_DATE('03-12-2017', 'DD-MM-YYYY'), TO_DATE('01-02-2018', 'DD-MM-YYYY'), 32.51, 'CT21');
INSERT INTO Encomenda (CODIGOINTERNOCLIENTE,CODIGOPOSTALMORADA,NUMEROPORTAMORADA,DATAENCOMENDA,ESTADO,DATAENTREGA,DATAPAGAMENTO,VALORTOTAL,IDHUB) VALUES(5, '4450-984', 64, TO_DATE('16-10-2003', 'DD-MM-YYYY'), 'P', TO_DATE('07-07-2004', 'DD-MM-YYYY'), TO_DATE('08-07-2004', 'DD-MM-YYYY'), 278.05, 'CT21');

INSERT INTO Encomenda (CODIGOINTERNOCLIENTE,CODIGOPOSTALMORADA,NUMEROPORTAMORADA,DATAENCOMENDA,ESTADO,DATAENTREGA,DATAPAGAMENTO,VALORTOTAL,IDHUB) VALUES(6, '4470-761', 89, TO_DATE('28-09-2019', 'DD-MM-YYYY'), 'E', TO_DATE('01-12-2019', 'DD-MM-YYYY'), TO_DATE('29-01-2020', 'DD-MM-YYYY'), 64.50, 'CT22');
INSERT INTO Encomenda (CODIGOINTERNOCLIENTE,CODIGOPOSTALMORADA,NUMEROPORTAMORADA,DATAENCOMENDA,ESTADO,DATAENTREGA,DATAPAGAMENTO,VALORTOTAL,IDHUB) VALUES(6, '4470-761', 89, TO_DATE('04-12-2019', 'DD-MM-YYYY'), 'E', TO_DATE('29-06-2020', 'DD-MM-YYYY'), TO_DATE('26-12-2019', 'DD-MM-YYYY'), 12.45, 'CT22');
INSERT INTO Encomenda (CODIGOINTERNOCLIENTE,CODIGOPOSTALMORADA,NUMEROPORTAMORADA,DATAENCOMENDA,ESTADO,DATAENTREGA,DATAPAGAMENTO,VALORTOTAL,IDHUB) VALUES(6, '4470-761', 89, TO_DATE('26-10-2006', 'DD-MM-YYYY'), 'E', TO_DATE('15-02-2008', 'DD-MM-YYYY'), TO_DATE('21-02-2008', 'DD-MM-YYYY'), 20.65, 'CT22');

INSERT INTO Encomenda (CODIGOINTERNOCLIENTE,CODIGOPOSTALMORADA,NUMEROPORTAMORADA,DATAENCOMENDA,ESTADO,DATAENTREGA,DATAPAGAMENTO,VALORTOTAL,IDHUB) VALUES(7, '4430-156', 12, TO_DATE('14-10-1998', 'DD-MM-YYYY'), 'E', TO_DATE('27-02-1999', 'DD-MM-YYYY'), TO_DATE('06-12-1999', 'DD-MM-YYYY'), 64.50, 'CT22');
INSERT INTO Encomenda (CODIGOINTERNOCLIENTE,CODIGOPOSTALMORADA,NUMEROPORTAMORADA,DATAENCOMENDA,ESTADO,DATAENTREGA,DATAPAGAMENTO,VALORTOTAL,IDHUB) VALUES(7, '4430-156', 12, TO_DATE('29-02-1996', 'DD-MM-YYYY'), 'E', TO_DATE('01-03-1996', 'DD-MM-YYYY'), TO_DATE('01-03-1996', 'DD-MM-YYYY'), 16.05, 'CT22');

INSERT INTO Encomenda (CODIGOINTERNOCLIENTE,CODIGOPOSTALMORADA,NUMEROPORTAMORADA,DATAENCOMENDA,ESTADO,DATAENTREGA,DATAPAGAMENTO,VALORTOTAL,IDHUB) VALUES(8, '4420-481', 64, TO_DATE('15-11-2017', 'DD-MM-YYYY'), 'E', TO_DATE('16-11-2017', 'DD-MM-YYYY'), TO_DATE('16-11-2017', 'DD-MM-YYYY'), 154.99, 'CT23');
INSERT INTO Encomenda (CODIGOINTERNOCLIENTE,CODIGOPOSTALMORADA,NUMEROPORTAMORADA,DATAENCOMENDA,ESTADO,DATAENTREGA,DATAPAGAMENTO,VALORTOTAL,IDHUB) VALUES(8, '4480-456', 27, TO_DATE('26-03-2014', 'DD-MM-YYYY'), 'P', TO_DATE('19-04-2014', 'DD-MM-YYYY'), TO_DATE('20-04-2014', 'DD-MM-YYYY'), 28.20, 'CT23');
INSERT INTO Encomenda (CODIGOINTERNOCLIENTE,CODIGOPOSTALMORADA,NUMEROPORTAMORADA,DATAENCOMENDA,ESTADO,DATAENTREGA,DATAPAGAMENTO,VALORTOTAL,IDHUB) VALUES(8, '4420-481', 64, TO_DATE('09-02-2022', 'DD-MM-YYYY'), 'E', TO_DATE('13-04-2022', 'DD-MM-YYYY'), null, null, 'CT23');
INSERT INTO Encomenda (CODIGOINTERNOCLIENTE,CODIGOPOSTALMORADA,NUMEROPORTAMORADA,DATAENCOMENDA,ESTADO,DATAENTREGA,DATAPAGAMENTO,VALORTOTAL,IDHUB) VALUES(8, '4420-481', 64, TO_DATE('23-05-2013', 'DD-MM-YYYY'), 'E', TO_DATE('03-06-2013', 'DD-MM-YYYY'), TO_DATE('17-07-2013', 'DD-MM-YYYY'), 432.51, 'CT23');
INSERT INTO Encomenda (CODIGOINTERNOCLIENTE,CODIGOPOSTALMORADA,NUMEROPORTAMORADA,DATAENCOMENDA,ESTADO,DATAENTREGA,DATAPAGAMENTO,VALORTOTAL,IDHUB) VALUES(8, '4480-456', 27, TO_DATE('06-02-2021', 'DD-MM-YYYY'), 'P', null, TO_DATE('09-02-2021', 'DD-MM-YYYY'), 71.45, 'CT23');


/* Incidente */
INSERT INTO Incidente (NUMEROENCOMENDA,VALORDIVIDA,DATASANADO,DATAOCORRENCIA) VALUES(1, 145.30, TO_DATE('12-12-2020', 'DD-MM-YYYY'), TO_DATE('12-12-1975', 'DD-MM-YYYY'));
INSERT INTO Incidente (NUMEROENCOMENDA,VALORDIVIDA,DATASANADO,DATAOCORRENCIA) VALUES(2, 4894.95, TO_DATE('12-12-2020', 'DD-MM-YYYY'), TO_DATE('05-12-1975', 'DD-MM-YYYY'));
INSERT INTO Incidente (NUMEROENCOMENDA,VALORDIVIDA,DATASANADO,DATAOCORRENCIA) VALUES(3, 1235.15, TO_DATE('30-11-2020', 'DD-MM-YYYY'), TO_DATE('22-07-2000', 'DD-MM-YYYY'));
INSERT INTO Incidente (NUMEROENCOMENDA,VALORDIVIDA,DATASANADO,DATAOCORRENCIA) VALUES(4, 15.20, TO_DATE('30-11-2021', 'DD-MM-YYYY'), TO_DATE('23-08-2000', 'DD-MM-YYYY'));
INSERT INTO Incidente (NUMEROENCOMENDA,VALORDIVIDA,DATASANADO,DATAOCORRENCIA) VALUES(5, 950.99, TO_DATE('15-02-2022', 'DD-MM-YYYY'), TO_DATE('02-09-1999', 'DD-MM-YYYY'));
INSERT INTO Incidente (NUMEROENCOMENDA,VALORDIVIDA,DATASANADO,DATAOCORRENCIA) VALUES(6, 1250.15, TO_DATE('15-02-2022', 'DD-MM-YYYY'), TO_DATE('02-05-2021', 'DD-MM-YYYY'));
INSERT INTO Incidente (NUMEROENCOMENDA,VALORDIVIDA,DATASANADO,DATAOCORRENCIA) VALUES(7, 123.48, TO_DATE('19-09-2001', 'DD-MM-YYYY'), TO_DATE('02-01-2001', 'DD-MM-YYYY'));
INSERT INTO Incidente (NUMEROENCOMENDA,VALORDIVIDA,DATASANADO,DATAOCORRENCIA) VALUES(8, 36.48, TO_DATE('19-04-2005', 'DD-MM-YYYY'), TO_DATE('02-01-2005', 'DD-MM-YYYY'));



/* Estação Meteorológica */
INSERT INTO EstacaoMeteorologica (IDEXPLORACAOAGRICOLA) VALUES(100);
INSERT INTO EstacaoMeteorologica (IDEXPLORACAOAGRICOLA) VALUES(200);
INSERT INTO EstacaoMeteorologica (IDEXPLORACAOAGRICOLA) VALUES(300);
INSERT INTO EstacaoMeteorologica (IDEXPLORACAOAGRICOLA) VALUES(400);

/* Tipo Sensor */
INSERT INTO TipoSensor VALUES('HS', '%');
INSERT INTO TipoSensor VALUES('Pl', 'mm');
INSERT INTO TipoSensor VALUES('TS', '°C');
INSERT INTO TipoSensor VALUES('VV', 'km/h');
INSERT INTO TipoSensor VALUES('TA', '°C');
INSERT INTO TipoSensor VALUES('HA', '%');
INSERT INTO TipoSensor VALUES('PA', 'hPa');

/* Sensor */
INSERT INTO Sensor (IDESTACAOMETEOROLOGICA,TIPOTIPOSENSOR) VALUES(1,'HS');
INSERT INTO Sensor (IDESTACAOMETEOROLOGICA,TIPOTIPOSENSOR) VALUES(1,'HS');
INSERT INTO Sensor (IDESTACAOMETEOROLOGICA,TIPOTIPOSENSOR) VALUES(1,'HS');
INSERT INTO Sensor (IDESTACAOMETEOROLOGICA,TIPOTIPOSENSOR) VALUES(1,'HS');
INSERT INTO Sensor (IDESTACAOMETEOROLOGICA,TIPOTIPOSENSOR) VALUES(1,'HS');

INSERT INTO Sensor (IDESTACAOMETEOROLOGICA,TIPOTIPOSENSOR) VALUES(1,'Pl');
INSERT INTO Sensor (IDESTACAOMETEOROLOGICA,TIPOTIPOSENSOR) VALUES(1,'Pl');
INSERT INTO Sensor (IDESTACAOMETEOROLOGICA,TIPOTIPOSENSOR) VALUES(1,'Pl');
INSERT INTO Sensor (IDESTACAOMETEOROLOGICA,TIPOTIPOSENSOR) VALUES(1,'Pl');
INSERT INTO Sensor (IDESTACAOMETEOROLOGICA,TIPOTIPOSENSOR) VALUES(1,'Pl');
INSERT INTO Sensor (IDESTACAOMETEOROLOGICA,TIPOTIPOSENSOR) VALUES(1,'Pl');

INSERT INTO Sensor (IDESTACAOMETEOROLOGICA,TIPOTIPOSENSOR) VALUES(1,'TS');
INSERT INTO Sensor (IDESTACAOMETEOROLOGICA,TIPOTIPOSENSOR) VALUES(1,'TS');
INSERT INTO Sensor (IDESTACAOMETEOROLOGICA,TIPOTIPOSENSOR) VALUES(1,'TS');
INSERT INTO Sensor (IDESTACAOMETEOROLOGICA,TIPOTIPOSENSOR) VALUES(1,'TS');
INSERT INTO Sensor (IDESTACAOMETEOROLOGICA,TIPOTIPOSENSOR) VALUES(1,'TS');
INSERT INTO Sensor (IDESTACAOMETEOROLOGICA,TIPOTIPOSENSOR) VALUES(1,'TS');

INSERT INTO Sensor (IDESTACAOMETEOROLOGICA,TIPOTIPOSENSOR) VALUES(1,'VV');
INSERT INTO Sensor (IDESTACAOMETEOROLOGICA,TIPOTIPOSENSOR) VALUES(1,'VV');
INSERT INTO Sensor (IDESTACAOMETEOROLOGICA,TIPOTIPOSENSOR) VALUES(1,'VV');
INSERT INTO Sensor (IDESTACAOMETEOROLOGICA,TIPOTIPOSENSOR) VALUES(1,'VV');
INSERT INTO Sensor (IDESTACAOMETEOROLOGICA,TIPOTIPOSENSOR) VALUES(1,'VV');
INSERT INTO Sensor (IDESTACAOMETEOROLOGICA,TIPOTIPOSENSOR) VALUES(1,'VV');

INSERT INTO Sensor (IDESTACAOMETEOROLOGICA,TIPOTIPOSENSOR) VALUES(1,'VV');
INSERT INTO Sensor (IDESTACAOMETEOROLOGICA,TIPOTIPOSENSOR) VALUES(1,'VV');
INSERT INTO Sensor (IDESTACAOMETEOROLOGICA,TIPOTIPOSENSOR) VALUES(1,'HA');
INSERT INTO Sensor (IDESTACAOMETEOROLOGICA,TIPOTIPOSENSOR) VALUES(1,'HA');
INSERT INTO Sensor (IDESTACAOMETEOROLOGICA,TIPOTIPOSENSOR) VALUES(1,'HA');
INSERT INTO Sensor (IDESTACAOMETEOROLOGICA,TIPOTIPOSENSOR) VALUES(1,'HA');

INSERT INTO Sensor (IDESTACAOMETEOROLOGICA,TIPOTIPOSENSOR) VALUES(1,'HA');
INSERT INTO Sensor (IDESTACAOMETEOROLOGICA,TIPOTIPOSENSOR) VALUES(1,'HA');
INSERT INTO Sensor (IDESTACAOMETEOROLOGICA,TIPOTIPOSENSOR) VALUES(2,'HS');
INSERT INTO Sensor (IDESTACAOMETEOROLOGICA,TIPOTIPOSENSOR) VALUES(2,'HS');
INSERT INTO Sensor (IDESTACAOMETEOROLOGICA,TIPOTIPOSENSOR) VALUES(2,'HS');
INSERT INTO Sensor (IDESTACAOMETEOROLOGICA,TIPOTIPOSENSOR) VALUES(2,'HS');

INSERT INTO Sensor (IDESTACAOMETEOROLOGICA,TIPOTIPOSENSOR) VALUES(2,'HS');
INSERT INTO Sensor (IDESTACAOMETEOROLOGICA,TIPOTIPOSENSOR) VALUES(2,'Pl');
INSERT INTO Sensor (IDESTACAOMETEOROLOGICA,TIPOTIPOSENSOR) VALUES(2,'Pl');
INSERT INTO Sensor (IDESTACAOMETEOROLOGICA,TIPOTIPOSENSOR) VALUES(2,'Pl');
INSERT INTO Sensor (IDESTACAOMETEOROLOGICA,TIPOTIPOSENSOR) VALUES(2,'Pl');
INSERT INTO Sensor (IDESTACAOMETEOROLOGICA,TIPOTIPOSENSOR) VALUES(2,'Pl');

INSERT INTO Sensor (IDESTACAOMETEOROLOGICA,TIPOTIPOSENSOR) VALUES(2,'Pl');
INSERT INTO Sensor (IDESTACAOMETEOROLOGICA,TIPOTIPOSENSOR) VALUES(2,'TS');
INSERT INTO Sensor (IDESTACAOMETEOROLOGICA,TIPOTIPOSENSOR) VALUES(2,'TS');
INSERT INTO Sensor (IDESTACAOMETEOROLOGICA,TIPOTIPOSENSOR) VALUES(2,'TS');
INSERT INTO Sensor (IDESTACAOMETEOROLOGICA,TIPOTIPOSENSOR) VALUES(2,'TS');
INSERT INTO Sensor (IDESTACAOMETEOROLOGICA,TIPOTIPOSENSOR) VALUES(2,'TS');

INSERT INTO Sensor (IDESTACAOMETEOROLOGICA,TIPOTIPOSENSOR) VALUES(2,'TS');
INSERT INTO Sensor (IDESTACAOMETEOROLOGICA,TIPOTIPOSENSOR) VALUES(2,'TA');
INSERT INTO Sensor (IDESTACAOMETEOROLOGICA,TIPOTIPOSENSOR) VALUES(2,'TA');
INSERT INTO Sensor (IDESTACAOMETEOROLOGICA,TIPOTIPOSENSOR) VALUES(2,'TA');
INSERT INTO Sensor (IDESTACAOMETEOROLOGICA,TIPOTIPOSENSOR) VALUES(2,'TA');
INSERT INTO Sensor (IDESTACAOMETEOROLOGICA,TIPOTIPOSENSOR) VALUES(2,'TA');
INSERT INTO Sensor (IDESTACAOMETEOROLOGICA,TIPOTIPOSENSOR) VALUES(2,'TA');


INSERT INTO Sensor (IDESTACAOMETEOROLOGICA,TIPOTIPOSENSOR) VALUES(3, 'TS');
INSERT INTO Sensor (IDESTACAOMETEOROLOGICA,TIPOTIPOSENSOR) VALUES(3, 'TS');
INSERT INTO Sensor (IDESTACAOMETEOROLOGICA,TIPOTIPOSENSOR) VALUES(3, 'TS');
INSERT INTO Sensor (IDESTACAOMETEOROLOGICA,TIPOTIPOSENSOR) VALUES(3, 'TS');
INSERT INTO Sensor (IDESTACAOMETEOROLOGICA,TIPOTIPOSENSOR) VALUES(3, 'TS');
INSERT INTO Sensor (IDESTACAOMETEOROLOGICA,TIPOTIPOSENSOR) VALUES(3, 'TS');

INSERT INTO Sensor (IDESTACAOMETEOROLOGICA,TIPOTIPOSENSOR) VALUES(3, 'TA');
INSERT INTO Sensor (IDESTACAOMETEOROLOGICA,TIPOTIPOSENSOR) VALUES(3, 'TA');
INSERT INTO Sensor (IDESTACAOMETEOROLOGICA,TIPOTIPOSENSOR) VALUES(3, 'TA');
INSERT INTO Sensor (IDESTACAOMETEOROLOGICA,TIPOTIPOSENSOR) VALUES(3, 'TA');
INSERT INTO Sensor (IDESTACAOMETEOROLOGICA,TIPOTIPOSENSOR) VALUES(3, 'TA');
INSERT INTO Sensor (IDESTACAOMETEOROLOGICA,TIPOTIPOSENSOR) VALUES(3, 'TA');

INSERT INTO Sensor (IDESTACAOMETEOROLOGICA,TIPOTIPOSENSOR) VALUES(3, 'HA');
INSERT INTO Sensor (IDESTACAOMETEOROLOGICA,TIPOTIPOSENSOR) VALUES(3, 'HA');
INSERT INTO Sensor (IDESTACAOMETEOROLOGICA,TIPOTIPOSENSOR) VALUES(3, 'HA');
INSERT INTO Sensor (IDESTACAOMETEOROLOGICA,TIPOTIPOSENSOR) VALUES(3, 'HA');
INSERT INTO Sensor (IDESTACAOMETEOROLOGICA,TIPOTIPOSENSOR) VALUES(3, 'HA');
INSERT INTO Sensor (IDESTACAOMETEOROLOGICA,TIPOTIPOSENSOR) VALUES(3, 'HA');

INSERT INTO Sensor (IDESTACAOMETEOROLOGICA,TIPOTIPOSENSOR) VALUES(3, 'PA');
INSERT INTO Sensor (IDESTACAOMETEOROLOGICA,TIPOTIPOSENSOR) VALUES(3, 'PA');
INSERT INTO Sensor (IDESTACAOMETEOROLOGICA,TIPOTIPOSENSOR) VALUES(3, 'PA');
INSERT INTO Sensor (IDESTACAOMETEOROLOGICA,TIPOTIPOSENSOR) VALUES(3, 'PA');
INSERT INTO Sensor (IDESTACAOMETEOROLOGICA,TIPOTIPOSENSOR) VALUES(3, 'PA');
INSERT INTO Sensor (IDESTACAOMETEOROLOGICA,TIPOTIPOSENSOR) VALUES(3, 'PA');

/* Setor */
INSERT INTO Setor VALUES('A', 100, 844.0);
INSERT INTO Setor VALUES('Q', 100, 923.0);
INSERT INTO Setor VALUES('O', 100, 236.0);
INSERT INTO Setor VALUES('M', 100, 993.0);
INSERT INTO Setor VALUES('T', 100, 141.0);
INSERT INTO Setor VALUES('Y', 100, 283.0);

INSERT INTO Setor VALUES('C', 200, 407.0);
INSERT INTO Setor VALUES('D', 200, 597.0);
INSERT INTO Setor VALUES('R', 200, 957.0);
INSERT INTO Setor VALUES('S', 200, 290.0);
INSERT INTO Setor VALUES('F', 200, 752.0);
INSERT INTO Setor VALUES('V', 200, 522.0);
INSERT INTO Setor VALUES('B', 200, 892.0);

INSERT INTO Setor VALUES('H', 300, 869.0);
INSERT INTO Setor VALUES('Q', 300, 989.0);
INSERT INTO Setor VALUES('O', 300, 45.0);
INSERT INTO Setor VALUES('N', 300, 488.0);

/* Auditoria */
/* 100 */
INSERT INTO Auditoria(DESIGNACAOSETOR,IDEXPLORACAOAGRICOLA,DATAHORA,USERNAME,OPERACAOESCRITA) VALUES ('A',100,TO_DATE('27-05-2015 05:07','DD-MM-YYYY HH24:MI'),'Guga', 'INSERT');
INSERT INTO Auditoria(DESIGNACAOSETOR,IDEXPLORACAOAGRICOLA,DATAHORA,USERNAME,OPERACAOESCRITA) VALUES ('A',100,TO_DATE('28-05-2015 15:03','DD-MM-YYYY HH24:MI'),'Guga', 'INSERT');
INSERT INTO Auditoria(DESIGNACAOSETOR,IDEXPLORACAOAGRICOLA,DATAHORA,USERNAME,OPERACAOESCRITA) VALUES ('A',100,TO_DATE('29-05-2015 23:01','DD-MM-YYYY HH24:MI'),'Guga', 'UPDATE');
INSERT INTO Auditoria(DESIGNACAOSETOR,IDEXPLORACAOAGRICOLA,DATAHORA,USERNAME,OPERACAOESCRITA) VALUES ('A',100,TO_DATE('30-05-2015 09:02','DD-MM-YYYY HH24:MI'),'Guga', 'DELETE');
INSERT INTO Auditoria(DESIGNACAOSETOR,IDEXPLORACAOAGRICOLA,DATAHORA,USERNAME,OPERACAOESCRITA) VALUES ('A',100,TO_DATE('31-05-2015 17:03','DD-MM-YYYY HH24:MI'),'Guga', 'INSERT');
INSERT INTO Auditoria(DESIGNACAOSETOR,IDEXPLORACAOAGRICOLA,DATAHORA,USERNAME,OPERACAOESCRITA) VALUES ('A',100,TO_DATE('01-06-2015 01:04','DD-MM-YYYY HH24:MI'),'Guga', 'UPDATE');
INSERT INTO Auditoria(DESIGNACAOSETOR,IDEXPLORACAOAGRICOLA,DATAHORA,USERNAME,OPERACAOESCRITA) VALUES ('A',100,TO_DATE('02-06-2015 07:05','DD-MM-YYYY HH24:MI'),'Guga', 'DELETE');
INSERT INTO Auditoria(DESIGNACAOSETOR,IDEXPLORACAOAGRICOLA,DATAHORA,USERNAME,OPERACAOESCRITA) VALUES ('A',100,TO_DATE('03-06-2015 13:06','DD-MM-YYYY HH24:MI'),'Gui', 'INSERT');
INSERT INTO Auditoria(DESIGNACAOSETOR,IDEXPLORACAOAGRICOLA,DATAHORA,USERNAME,OPERACAOESCRITA) VALUES ('A',100,TO_DATE('04-06-2015 19:07','DD-MM-YYYY HH24:MI'),'Gui', 'INSERT');
INSERT INTO Auditoria(DESIGNACAOSETOR,IDEXPLORACAOAGRICOLA,DATAHORA,USERNAME,OPERACAOESCRITA) VALUES ('A',100,TO_DATE('05-06-2015 03:08','DD-MM-YYYY HH24:MI'),'Gui', 'UPDATE');
INSERT INTO Auditoria(DESIGNACAOSETOR,IDEXPLORACAOAGRICOLA,DATAHORA,USERNAME,OPERACAOESCRITA) VALUES ('A',100,TO_DATE('06-06-2015 09:09','DD-MM-YYYY HH24:MI'),'Gui', 'DELETE');
INSERT INTO Auditoria(DESIGNACAOSETOR,IDEXPLORACAOAGRICOLA,DATAHORA,USERNAME,OPERACAOESCRITA) VALUES ('A',100,TO_DATE('07-06-2015 15:10','DD-MM-YYYY HH24:MI'),'Gui', 'INSERT');
INSERT INTO Auditoria(DESIGNACAOSETOR,IDEXPLORACAOAGRICOLA,DATAHORA,USERNAME,OPERACAOESCRITA) VALUES ('A',100,TO_DATE('08-06-2015 21:11','DD-MM-YYYY HH24:MI'),'Gui', 'UPDATE');
INSERT INTO Auditoria(DESIGNACAOSETOR,IDEXPLORACAOAGRICOLA,DATAHORA,USERNAME,OPERACAOESCRITA) VALUES ('A',100,TO_DATE('09-06-2015 05:12','DD-MM-YYYY HH24:MI'),'Gui', 'DELETE');
INSERT INTO Auditoria(DESIGNACAOSETOR,IDEXPLORACAOAGRICOLA,DATAHORA,USERNAME,OPERACAOESCRITA) VALUES ('A',100,TO_DATE('10-06-2015 11:13','DD-MM-YYYY HH24:MI'),'Pedro', 'INSERT');
INSERT INTO Auditoria(DESIGNACAOSETOR,IDEXPLORACAOAGRICOLA,DATAHORA,USERNAME,OPERACAOESCRITA) VALUES ('A',100,TO_DATE('11-06-2015 17:14','DD-MM-YYYY HH24:MI'),'Pedro', 'INSERT');
INSERT INTO Auditoria(DESIGNACAOSETOR,IDEXPLORACAOAGRICOLA,DATAHORA,USERNAME,OPERACAOESCRITA) VALUES ('A',100,TO_DATE('12-06-2015 23:15','DD-MM-YYYY HH24:MI'),'Pedro', 'UPDATE');
INSERT INTO Auditoria(DESIGNACAOSETOR,IDEXPLORACAOAGRICOLA,DATAHORA,USERNAME,OPERACAOESCRITA) VALUES ('A',100,TO_DATE('13-06-2015 07:16','DD-MM-YYYY HH24:MI'),'Pedro', 'DELETE');
INSERT INTO Auditoria(DESIGNACAOSETOR,IDEXPLORACAOAGRICOLA,DATAHORA,USERNAME,OPERACAOESCRITA) VALUES ('A',100,TO_DATE('14-06-2015 13:17','DD-MM-YYYY HH24:MI'),'Pedro', 'INSERT');
INSERT INTO Auditoria(DESIGNACAOSETOR,IDEXPLORACAOAGRICOLA,DATAHORA,USERNAME,OPERACAOESCRITA) VALUES ('A',100,TO_DATE('15-06-2015 19:18','DD-MM-YYYY HH24:MI'),'Pedro', 'UPDATE');
INSERT INTO Auditoria(DESIGNACAOSETOR,IDEXPLORACAOAGRICOLA,DATAHORA,USERNAME,OPERACAOESCRITA) VALUES ('A',100,TO_DATE('16-06-2015 03:19','DD-MM-YYYY HH24:MI'),'Pedro', 'DELETE');
INSERT INTO Auditoria(DESIGNACAOSETOR,IDEXPLORACAOAGRICOLA,DATAHORA,USERNAME,OPERACAOESCRITA) VALUES ('A',100,TO_DATE('17-06-2015 09:20','DD-MM-YYYY HH24:MI'),'Leitao', 'INSERT');
INSERT INTO Auditoria(DESIGNACAOSETOR,IDEXPLORACAOAGRICOLA,DATAHORA,USERNAME,OPERACAOESCRITA) VALUES ('A',100,TO_DATE('18-06-2015 15:21','DD-MM-YYYY HH24:MI'),'Leitao', 'INSERT');
INSERT INTO Auditoria(DESIGNACAOSETOR,IDEXPLORACAOAGRICOLA,DATAHORA,USERNAME,OPERACAOESCRITA) VALUES ('A',100,TO_DATE('19-06-2015 21:22','DD-MM-YYYY HH24:MI'),'Leitao', 'UPDATE');
INSERT INTO Auditoria(DESIGNACAOSETOR,IDEXPLORACAOAGRICOLA,DATAHORA,USERNAME,OPERACAOESCRITA) VALUES ('A',100,TO_DATE('20-06-2015 05:23','DD-MM-YYYY HH24:MI'),'Leitao', 'DELETE');
INSERT INTO Auditoria(DESIGNACAOSETOR,IDEXPLORACAOAGRICOLA,DATAHORA,USERNAME,OPERACAOESCRITA) VALUES ('A',100,TO_DATE('21-06-2015 11:24','DD-MM-YYYY HH24:MI'),'Leitao', 'INSERT');
INSERT INTO Auditoria(DESIGNACAOSETOR,IDEXPLORACAOAGRICOLA,DATAHORA,USERNAME,OPERACAOESCRITA) VALUES ('A',100,TO_DATE('22-06-2015 17:25','DD-MM-YYYY HH24:MI'),'Leitao', 'UPDATE');
INSERT INTO Auditoria(DESIGNACAOSETOR,IDEXPLORACAOAGRICOLA,DATAHORA,USERNAME,OPERACAOESCRITA) VALUES ('A',100,TO_DATE('23-06-2015 23:26','DD-MM-YYYY HH24:MI'),'Leitao', 'DELETE');
INSERT INTO Auditoria(DESIGNACAOSETOR,IDEXPLORACAOAGRICOLA,DATAHORA,USERNAME,OPERACAOESCRITA) VALUES ('A',100,TO_DATE('24-06-2015 07:27','DD-MM-YYYY HH24:MI'),'Joca', 'INSERT');
INSERT INTO Auditoria(DESIGNACAOSETOR,IDEXPLORACAOAGRICOLA,DATAHORA,USERNAME,OPERACAOESCRITA) VALUES ('A',100,TO_DATE('25-06-2015 13:28','DD-MM-YYYY HH24:MI'),'Joca', 'INSERT');
INSERT INTO Auditoria(DESIGNACAOSETOR,IDEXPLORACAOAGRICOLA,DATAHORA,USERNAME,OPERACAOESCRITA) VALUES ('A',100,TO_DATE('26-06-2015 19:29','DD-MM-YYYY HH24:MI'),'Joca', 'UPDATE');
INSERT INTO Auditoria(DESIGNACAOSETOR,IDEXPLORACAOAGRICOLA,DATAHORA,USERNAME,OPERACAOESCRITA) VALUES ('A',100,TO_DATE('27-06-2015 03:30','DD-MM-YYYY HH24:MI'),'Joca', 'DELETE');
INSERT INTO Auditoria(DESIGNACAOSETOR,IDEXPLORACAOAGRICOLA,DATAHORA,USERNAME,OPERACAOESCRITA) VALUES ('A',100,TO_DATE('28-06-2015 09:31','DD-MM-YYYY HH24:MI'),'Joca', 'INSERT');
INSERT INTO Auditoria(DESIGNACAOSETOR,IDEXPLORACAOAGRICOLA,DATAHORA,USERNAME,OPERACAOESCRITA) VALUES ('A',100,TO_DATE('29-06-2015 15:32','DD-MM-YYYY HH24:MI'),'Joca', 'UPDATE');
INSERT INTO Auditoria(DESIGNACAOSETOR,IDEXPLORACAOAGRICOLA,DATAHORA,USERNAME,OPERACAOESCRITA) VALUES ('A',100,TO_DATE('30-06-2015 21:33','DD-MM-YYYY HH24:MI'),'Joca', 'DELETE');
INSERT INTO Auditoria(DESIGNACAOSETOR,IDEXPLORACAOAGRICOLA,DATAHORA,USERNAME,OPERACAOESCRITA) VALUES ('A',100,TO_DATE('01-07-2015 05:34','DD-MM-YYYY HH24:MI'),'Joca', 'INSERT');
INSERT INTO Auditoria(DESIGNACAOSETOR,IDEXPLORACAOAGRICOLA,DATAHORA,USERNAME,OPERACAOESCRITA) VALUES ('A',100,TO_DATE('02-07-2015 11:35','DD-MM-YYYY HH24:MI'),'Joca', 'UPDATE');
INSERT INTO Auditoria(DESIGNACAOSETOR,IDEXPLORACAOAGRICOLA,DATAHORA,USERNAME,OPERACAOESCRITA) VALUES ('A',100,TO_DATE('03-07-2015 17:36','DD-MM-YYYY HH24:MI'),'Joca', 'DELETE');
INSERT INTO Auditoria(DESIGNACAOSETOR,IDEXPLORACAOAGRICOLA,DATAHORA,USERNAME,OPERACAOESCRITA) VALUES ('A',100,TO_DATE('04-07-2015 23:37','DD-MM-YYYY HH24:MI'),'Joca', 'INSERT');

/* 200 */

INSERT INTO Auditoria (DESIGNACAOSETOR,IDEXPLORACAOAGRICOLA,DATAHORA,USERNAME,OPERACAOESCRITA) VALUES('C', 200, TO_DATE('10-10-2000 18:06','DD-MM-YYYY HH24:MI'), 'Guga', 'INSERT');
INSERT INTO Auditoria (DESIGNACAOSETOR,IDEXPLORACAOAGRICOLA,DATAHORA,USERNAME,OPERACAOESCRITA) VALUES('C', 200, TO_DATE('28-09-1998 11:50','DD-MM-YYYY HH24:MI'), 'Guga', 'INSERT');
INSERT INTO Auditoria (DESIGNACAOSETOR,IDEXPLORACAOAGRICOLA,DATAHORA,USERNAME,OPERACAOESCRITA) VALUES('C', 200, TO_DATE('04-09-1998 15:17','DD-MM-YYYY HH24:MI'), 'Guga', 'UPDATE');
INSERT INTO Auditoria (DESIGNACAOSETOR,IDEXPLORACAOAGRICOLA,DATAHORA,USERNAME,OPERACAOESCRITA) VALUES('C', 200, TO_DATE('10-07-1997 09:08','DD-MM-YYYY HH24:MI'), 'Guga', 'DELETE');
INSERT INTO Auditoria (DESIGNACAOSETOR,IDEXPLORACAOAGRICOLA,DATAHORA,USERNAME,OPERACAOESCRITA) VALUES('C', 200, TO_DATE('11-02-2011 08:54','DD-MM-YYYY HH24:MI'), 'Guga', 'INSERT');

INSERT INTO Auditoria (DESIGNACAOSETOR,IDEXPLORACAOAGRICOLA,DATAHORA,USERNAME,OPERACAOESCRITA) VALUES('D', 200, TO_DATE('15-02-2016 05:16','DD-MM-YYYY HH24:MI'), 'Guga', 'UPDATE');
INSERT INTO Auditoria (DESIGNACAOSETOR,IDEXPLORACAOAGRICOLA,DATAHORA,USERNAME,OPERACAOESCRITA) VALUES('D', 200, TO_DATE('09-06-2008 16:06','DD-MM-YYYY HH24:MI'), 'Guga', 'DELETE');
INSERT INTO Auditoria (DESIGNACAOSETOR,IDEXPLORACAOAGRICOLA,DATAHORA,USERNAME,OPERACAOESCRITA) VALUES('D', 200, TO_DATE('03-06-1997 10:22','DD-MM-YYYY HH24:MI'), 'Guga', 'INSERT');
INSERT INTO Auditoria (DESIGNACAOSETOR,IDEXPLORACAOAGRICOLA,DATAHORA,USERNAME,OPERACAOESCRITA) VALUES('D', 200, TO_DATE('10-03-2008 18:17','DD-MM-YYYY HH24:MI'), 'Guga', 'UPDATE');
INSERT INTO Auditoria (DESIGNACAOSETOR,IDEXPLORACAOAGRICOLA,DATAHORA,USERNAME,OPERACAOESCRITA) VALUES('D', 200, TO_DATE('24-09-2000 01:47','DD-MM-YYYY HH24:MI'), 'Guga', 'DELETE');

INSERT INTO Auditoria (DESIGNACAOSETOR,IDEXPLORACAOAGRICOLA,DATAHORA,USERNAME,OPERACAOESCRITA) VALUES('R', 200, TO_DATE('12-12-2014 08:44','DD-MM-YYYY HH24:MI'), 'Guga', 'INSERT');
INSERT INTO Auditoria (DESIGNACAOSETOR,IDEXPLORACAOAGRICOLA,DATAHORA,USERNAME,OPERACAOESCRITA) VALUES('R', 200, TO_DATE('12-02-2008 13:16','DD-MM-YYYY HH24:MI'), 'Guga', 'DELETE');
INSERT INTO Auditoria (DESIGNACAOSETOR,IDEXPLORACAOAGRICOLA,DATAHORA,USERNAME,OPERACAOESCRITA) VALUES('R', 200, TO_DATE('05-11-2000 00:42','DD-MM-YYYY HH24:MI'), 'Guga', 'UPDATE');

INSERT INTO Auditoria (DESIGNACAOSETOR,IDEXPLORACAOAGRICOLA,DATAHORA,USERNAME,OPERACAOESCRITA) VALUES('S', 200, TO_DATE('14-09-1998 19:42','DD-MM-YYYY HH24:MI'), 'Guga', 'INSERT');
INSERT INTO Auditoria (DESIGNACAOSETOR,IDEXPLORACAOAGRICOLA,DATAHORA,USERNAME,OPERACAOESCRITA) VALUES('S', 200, TO_DATE('21-04-2014 05:53','DD-MM-YYYY HH24:MI'), 'Guga', 'INSERT');

INSERT INTO Auditoria (DESIGNACAOSETOR,IDEXPLORACAOAGRICOLA,DATAHORA,USERNAME,OPERACAOESCRITA) VALUES('F', 200, TO_DATE('14-12-2011 20:05','DD-MM-YYYY HH24:MI'), 'Guga', 'UPDATE');
INSERT INTO Auditoria (DESIGNACAOSETOR,IDEXPLORACAOAGRICOLA,DATAHORA,USERNAME,OPERACAOESCRITA) VALUES('F', 200, TO_DATE('04-09-2018 13:25','DD-MM-YYYY HH24:MI'), 'Guga', 'DELETE');
INSERT INTO Auditoria (DESIGNACAOSETOR,IDEXPLORACAOAGRICOLA,DATAHORA,USERNAME,OPERACAOESCRITA) VALUES('F', 200, TO_DATE('01-02-1998 04:49','DD-MM-YYYY HH24:MI'), 'Guga', 'INSERT');

INSERT INTO Auditoria (DESIGNACAOSETOR,IDEXPLORACAOAGRICOLA,DATAHORA,USERNAME,OPERACAOESCRITA) VALUES('V', 200, TO_DATE('16-01-1999 15:58','DD-MM-YYYY HH24:MI'), 'Guga', 'UPDATE');
INSERT INTO Auditoria (DESIGNACAOSETOR,IDEXPLORACAOAGRICOLA,DATAHORA,USERNAME,OPERACAOESCRITA) VALUES('V', 200, TO_DATE('11-08-1997 18:12','DD-MM-YYYY HH24:MI'), 'Guga', 'DELETE');
INSERT INTO Auditoria (DESIGNACAOSETOR,IDEXPLORACAOAGRICOLA,DATAHORA,USERNAME,OPERACAOESCRITA) VALUES('V', 200, TO_DATE('07-09-2015 02:34','DD-MM-YYYY HH24:MI'), 'Guga', 'INSERT');
INSERT INTO Auditoria (DESIGNACAOSETOR,IDEXPLORACAOAGRICOLA,DATAHORA,USERNAME,OPERACAOESCRITA) VALUES('V', 200, TO_DATE('21-10-1997 19:26','DD-MM-YYYY HH24:MI'), 'Guga', 'UPDATE');

INSERT INTO Auditoria (DESIGNACAOSETOR,IDEXPLORACAOAGRICOLA,DATAHORA,USERNAME,OPERACAOESCRITA) VALUES('B', 200, TO_DATE('18-01-2022 15:13','DD-MM-YYYY HH24:MI'), 'Guga', 'DELETE');
INSERT INTO Auditoria (DESIGNACAOSETOR,IDEXPLORACAOAGRICOLA,DATAHORA,USERNAME,OPERACAOESCRITA) VALUES('B', 200, TO_DATE('22-04-2017 15:44','DD-MM-YYYY HH24:MI'), 'Guga', 'INSERT');
INSERT INTO Auditoria (DESIGNACAOSETOR,IDEXPLORACAOAGRICOLA,DATAHORA,USERNAME,OPERACAOESCRITA) VALUES('B', 200, TO_DATE('29-07-1995 23:02','DD-MM-YYYY HH24:MI'), 'Guga', 'INSERT');

/* 300 */
INSERT INTO Auditoria (DESIGNACAOSETOR,IDEXPLORACAOAGRICOLA,DATAHORA,USERNAME,OPERACAOESCRITA) VALUES('H', 300, TO_DATE('28-12-2017 15:03','DD-MM-YYYY HH24:MI'), 'Guga', 'INSERT');
INSERT INTO Auditoria (DESIGNACAOSETOR,IDEXPLORACAOAGRICOLA,DATAHORA,USERNAME,OPERACAOESCRITA) VALUES('H', 300, TO_DATE('19-02-2022 07:47','DD-MM-YYYY HH24:MI'), 'Guga', 'INSERT');
INSERT INTO Auditoria (DESIGNACAOSETOR,IDEXPLORACAOAGRICOLA,DATAHORA,USERNAME,OPERACAOESCRITA) VALUES('H', 300, TO_DATE('06-09-1999 01:43','DD-MM-YYYY HH24:MI'), 'Guga', 'UPDATE');

INSERT INTO Auditoria (DESIGNACAOSETOR,IDEXPLORACAOAGRICOLA,DATAHORA,USERNAME,OPERACAOESCRITA) VALUES('Q', 300, TO_DATE('15-10-2021 19:22','DD-MM-YYYY HH24:MI'), 'Guga', 'DELETE');
INSERT INTO Auditoria (DESIGNACAOSETOR,IDEXPLORACAOAGRICOLA,DATAHORA,USERNAME,OPERACAOESCRITA) VALUES('Q', 300, TO_DATE('06-12-1999 04:08','DD-MM-YYYY HH24:MI'), 'Guga', 'INSERT');

INSERT INTO Auditoria (DESIGNACAOSETOR,IDEXPLORACAOAGRICOLA,DATAHORA,USERNAME,OPERACAOESCRITA) VALUES('O', 300, TO_DATE('02-02-2009 09:25','DD-MM-YYYY HH24:MI'), 'Guga', 'UPDATE');
INSERT INTO Auditoria (DESIGNACAOSETOR,IDEXPLORACAOAGRICOLA,DATAHORA,USERNAME,OPERACAOESCRITA) VALUES('O', 300, TO_DATE('27-05-2001 22:52','DD-MM-YYYY HH24:MI'), 'Guga', 'DELETE');
INSERT INTO Auditoria (DESIGNACAOSETOR,IDEXPLORACAOAGRICOLA,DATAHORA,USERNAME,OPERACAOESCRITA) VALUES('O', 300, TO_DATE('14-01-2019 04:24','DD-MM-YYYY HH24:MI'), 'Guga', 'INSERT');

INSERT INTO Auditoria (DESIGNACAOSETOR,IDEXPLORACAOAGRICOLA,DATAHORA,USERNAME,OPERACAOESCRITA) VALUES('N', 300, TO_DATE('09-10-2003 18:13','DD-MM-YYYY HH24:MI'), 'Guga', 'UPDATE');
INSERT INTO Auditoria (DESIGNACAOSETOR,IDEXPLORACAOAGRICOLA,DATAHORA,USERNAME,OPERACAOESCRITA) VALUES('N', 300, TO_DATE('29-10-2003 03:00','DD-MM-YYYY HH24:MI'), 'Guga', 'DELETE');
INSERT INTO Auditoria (DESIGNACAOSETOR,IDEXPLORACAOAGRICOLA,DATAHORA,USERNAME,OPERACAOESCRITA) VALUES('N', 300, TO_DATE('30-10-2016 10:23','DD-MM-YYYY HH24:MI'), 'Guga', 'INSERT');
INSERT INTO Auditoria (DESIGNACAOSETOR,IDEXPLORACAOAGRICOLA,DATAHORA,USERNAME,OPERACAOESCRITA) VALUES('N', 300, TO_DATE('13-10-2017 21:58','DD-MM-YYYY HH24:MI'), 'Guga', 'UPDATE');

/* Operacão Agrícola */
/* 100 */
INSERT INTO OperacaoAgricola(DESIGNACAOSETOR,IDEXPLORACAOAGRICOLA,DATAAGENDADA,DATAREALIZACAO,TIPO,ESTADOOPERACAO)  VALUES('A', 100, TO_DATE('27-11-2022','DD-MM-YYYY'), TO_DATE('04-04-2023','DD-MM-YYYY'), 'Irrigação e adubação', 'A');
INSERT INTO OperacaoAgricola(DESIGNACAOSETOR,IDEXPLORACAOAGRICOLA,DATAAGENDADA,DATAREALIZACAO,TIPO,ESTADOOPERACAO)  VALUES('A', 100, TO_DATE('18-03-2021','DD-MM-YYYY'), TO_DATE('07-03-2022','DD-MM-YYYY'), 'Irrigação e adubação', 'A');
INSERT INTO OperacaoAgricola(DESIGNACAOSETOR,IDEXPLORACAOAGRICOLA,DATAAGENDADA,DATAREALIZACAO,TIPO,ESTADOOPERACAO)  VALUES('A', 100, TO_DATE('06-10-2022','DD-MM-YYYY'), TO_DATE('03-04-2023','DD-MM-YYYY'), 'Aplicação Fator de Produção', 'R');
INSERT INTO OperacaoAgricola(DESIGNACAOSETOR,IDEXPLORACAOAGRICOLA,DATAAGENDADA,DATAREALIZACAO,TIPO,ESTADOOPERACAO)  VALUES('A', 100, TO_DATE('09-02-2022','DD-MM-YYYY'), TO_DATE('15-02-2023','DD-MM-YYYY'), 'Irrigação e adubação', 'R');

INSERT INTO OperacaoAgricola(DESIGNACAOSETOR,IDEXPLORACAOAGRICOLA,DATAAGENDADA,DATAREALIZACAO,TIPO,ESTADOOPERACAO)  VALUES('Q', 100, TO_DATE('04-06-2021','DD-MM-YYYY'), TO_DATE('27-12-2023','DD-MM-YYYY'), 'Irrigação e adubação', 'C');
INSERT INTO OperacaoAgricola(DESIGNACAOSETOR,IDEXPLORACAOAGRICOLA,DATAAGENDADA,DATAREALIZACAO,TIPO,ESTADOOPERACAO)  VALUES('Q', 100,TO_DATE('04-01-2023','DD-MM-YYYY'), TO_DATE('11-07-2023','DD-MM-YYYY'), 'Irrigação e adubação', 'A');
INSERT INTO OperacaoAgricola(DESIGNACAOSETOR,IDEXPLORACAOAGRICOLA,DATAAGENDADA,DATAREALIZACAO,TIPO,ESTADOOPERACAO)  VALUES('Q', 100, TO_DATE('12-10-2022','DD-MM-YYYY'), TO_DATE('08-07-2023','DD-MM-YYYY'), 'Aplicação Fator de Produção', 'R');

INSERT INTO OperacaoAgricola(DESIGNACAOSETOR,IDEXPLORACAOAGRICOLA,DATAAGENDADA,DATAREALIZACAO,TIPO,ESTADOOPERACAO)  VALUES('O', 100,TO_DATE('02-06-2022','DD-MM-YYYY'), TO_DATE('01-03-2023','DD-MM-YYYY'), 'Irrigação e adubação', 'C');
INSERT INTO OperacaoAgricola(DESIGNACAOSETOR,IDEXPLORACAOAGRICOLA,DATAAGENDADA,DATAREALIZACAO,TIPO,ESTADOOPERACAO)  VALUES('O', 100, TO_DATE('20-11-2022','DD-MM-YYYY'), TO_DATE('18-05-2023','DD-MM-YYYY'), 'Irrigação e adubação', 'A');


/* 200 */
INSERT INTO OperacaoAgricola(DESIGNACAOSETOR,IDEXPLORACAOAGRICOLA,DATAAGENDADA,DATAREALIZACAO,TIPO,ESTADOOPERACAO)  VALUES('C', 200, TO_DATE('23-10-2022','DD-MM-YYYY'), TO_DATE('03-12-2022','DD-MM-YYYY'),  'Irrigação e adubação', 'C');
INSERT INTO OperacaoAgricola(DESIGNACAOSETOR,IDEXPLORACAOAGRICOLA,DATAAGENDADA,DATAREALIZACAO,TIPO,ESTADOOPERACAO)  VALUES('C', 200, TO_DATE('08-07-2020','DD-MM-YYYY'), TO_DATE('06-07-2021','DD-MM-YYYY'),  'Aplicação Fator de Produção', 'A');

INSERT INTO OperacaoAgricola(DESIGNACAOSETOR,IDEXPLORACAOAGRICOLA,DATAAGENDADA,DATAREALIZACAO,TIPO,ESTADOOPERACAO)  VALUES('R', 200, TO_DATE('04-06-2021','DD-MM-YYYY'), TO_DATE('27-12-2023','DD-MM-YYYY'), 'Irrigação e adubação', 'C');
INSERT INTO OperacaoAgricola(DESIGNACAOSETOR,IDEXPLORACAOAGRICOLA,DATAAGENDADA,DATAREALIZACAO,TIPO,ESTADOOPERACAO)  VALUES('R', 200,TO_DATE('30-11-2021','DD-MM-YYYY'), TO_DATE('11-07-2022','DD-MM-YYYY'), 'Irrigação e adubação', 'A');

INSERT INTO OperacaoAgricola(DESIGNACAOSETOR,IDEXPLORACAOAGRICOLA,DATAAGENDADA,DATAREALIZACAO,TIPO,ESTADOOPERACAO)  VALUES('D', 200,TO_DATE('30-12-2009','DD-MM-YYYY'), TO_DATE('06-02-2010','DD-MM-YYYY'), 'Irrigação e adubação', 'R');
INSERT INTO OperacaoAgricola(DESIGNACAOSETOR,IDEXPLORACAOAGRICOLA,DATAAGENDADA,DATAREALIZACAO,TIPO,ESTADOOPERACAO)  VALUES('D', 200, TO_DATE('05-12-2007','DD-MM-YYYY'), TO_DATE('22-02-2008','DD-MM-YYYY'),  'Aplicação Fator de Produção', 'A');
INSERT INTO OperacaoAgricola(DESIGNACAOSETOR,IDEXPLORACAOAGRICOLA,DATAAGENDADA,DATAREALIZACAO,TIPO,ESTADOOPERACAO)  VALUES('D', 200, TO_DATE('16-12-2007','DD-MM-YYYY'), TO_DATE('22-08-2008','DD-MM-YYYY'), 'Aplicação Fator de Produção', 'C');

INSERT INTO OperacaoAgricola(DESIGNACAOSETOR,IDEXPLORACAOAGRICOLA,DATAAGENDADA,DATAREALIZACAO,TIPO,ESTADOOPERACAO)  VALUES('S', 200, TO_DATE('16-10-2003','DD-MM-YYYY'), TO_DATE('27-12-2004','DD-MM-YYYY'),  'Irrigação e adubação', 'C');
INSERT INTO OperacaoAgricola(DESIGNACAOSETOR,IDEXPLORACAOAGRICOLA,DATAAGENDADA,DATAREALIZACAO,TIPO,ESTADOOPERACAO)  VALUES('S', 200, TO_DATE('13-10-1997','DD-MM-YYYY'), TO_DATE('26-08-2001','DD-MM-YYYY'),  'Irrigação e adubação', 'A');
INSERT INTO OperacaoAgricola(DESIGNACAOSETOR,IDEXPLORACAOAGRICOLA,DATAAGENDADA,DATAREALIZACAO,TIPO,ESTADOOPERACAO)  VALUES('F', 200, TO_DATE('15-03-2000','DD-MM-YYYY'), TO_DATE('07-05-2007','DD-MM-YYYY'),  'Aplicação Fator de Produção', 'C');
INSERT INTO OperacaoAgricola(DESIGNACAOSETOR,IDEXPLORACAOAGRICOLA,DATAAGENDADA,DATAREALIZACAO,TIPO,ESTADOOPERACAO) VALUES('F', 200, TO_DATE('02-10-2016','DD-MM-YYYY'), TO_DATE('02-02-2018','DD-MM-YYYY'),  'Aplicação Fator de Produção', 'R');

/* 300 */
INSERT INTO OperacaoAgricola(DESIGNACAOSETOR,IDEXPLORACAOAGRICOLA,DATAAGENDADA,DATAREALIZACAO,TIPO,ESTADOOPERACAO)  VALUES('H', 300, TO_DATE('13-10-1999','DD-MM-YYYY'), TO_DATE('12-02-2001','DD-MM-YYYY'),  'Irrigação e adubação', 'A');
INSERT INTO OperacaoAgricola(DESIGNACAOSETOR,IDEXPLORACAOAGRICOLA,DATAAGENDADA,DATAREALIZACAO,TIPO,ESTADOOPERACAO)  VALUES('H', 300, TO_DATE('26-03-2008','DD-MM-YYYY'), TO_DATE('25-05-2013','DD-MM-YYYY'),  'Irrigação e adubação', 'A');

INSERT INTO OperacaoAgricola(DESIGNACAOSETOR,IDEXPLORACAOAGRICOLA,DATAAGENDADA,DATAREALIZACAO,TIPO,ESTADOOPERACAO)  VALUES('O', 300, TO_DATE('23-08-2016','DD-MM-YYYY'), TO_DATE('03-08-2018','DD-MM-YYYY'),  'Irrigação e adubação', 'C');
INSERT INTO OperacaoAgricola(DESIGNACAOSETOR,IDEXPLORACAOAGRICOLA,DATAAGENDADA,DATAREALIZACAO,TIPO,ESTADOOPERACAO)  VALUES('O', 300, TO_DATE('14-05-2001','DD-MM-YYYY'), TO_DATE('19-12-2002','DD-MM-YYYY'),  'Irrigação e adubação', 'R');

INSERT INTO OperacaoAgricola(DESIGNACAOSETOR,IDEXPLORACAOAGRICOLA,DATAAGENDADA,DATAREALIZACAO,TIPO,ESTADOOPERACAO)  VALUES('N', 300, TO_DATE('30-09-2019','DD-MM-YYYY'), TO_DATE('28-04-2020','DD-MM-YYYY'),  'Aplicação Fator de Produção', 'R');
INSERT INTO OperacaoAgricola(DESIGNACAOSETOR,IDEXPLORACAOAGRICOLA,DATAAGENDADA,DATAREALIZACAO,TIPO,ESTADOOPERACAO)  VALUES('N', 300, TO_DATE('15-06-2008','DD-MM-YYYY'), TO_DATE('07-04-2009','DD-MM-YYYY'),  'Aplicação Fator de Produção', 'R');

/* Fator Produção */
INSERT INTO FatorProducao VALUES('Ametoctradina', 'FE', 'Jovagro');
INSERT INTO FatorProducao VALUES('Atrazina', 'PF', 'Jovagro');
INSERT INTO FatorProducao VALUES('Bentazona', 'CM', 'Escalalatina');
INSERT INTO FatorProducao VALUES('Bifenox', 'CM', 'Jovagro');
INSERT INTO FatorProducao VALUES('Boscalide', 'FE', 'Galmax');
INSERT INTO FatorProducao VALUES('Caulino', 'FE', 'Galmax');
INSERT INTO FatorProducao VALUES('Clorpirifos', 'FE', 'Agrifértil');
INSERT INTO FatorProducao VALUES('Cobre', 'FE', 'Agrifértil');
INSERT INTO FatorProducao VALUES('Colecalciferol', 'CM', 'Biofertil');
INSERT INTO FatorProducao VALUES('Dimetomorfe', 'CM', 'Bioberço');
INSERT INTO FatorProducao VALUES('Enxofre', 'FE', 'Agrifértil');
INSERT INTO FatorProducao VALUES('Imazamox', 'FE', 'Jovagro');

/* Fatores Aplicados */
INSERT INTO FatoresAplicados VALUES(1, 'Imazamox',  27.0, 'Fertirrega');
INSERT INTO FatoresAplicados VALUES(1, 'Ametoctradina', 72.0, 'Foliar');
INSERT INTO FatoresAplicados VALUES(2, 'Ametoctradina', 60.0, 'Foliar');
INSERT INTO FatoresAplicados VALUES(3, 'Boscalide', 31.0, 'Fertirrega');
INSERT INTO FatoresAplicados VALUES(4, 'Imazamox', 81.0,'Solo');
INSERT INTO FatoresAplicados VALUES(5, 'Enxofre', 35.0, 'Fertirrega');
INSERT INTO FatoresAplicados VALUES(6, 'Bifenox', 100.0, 'Fertirrega');
INSERT INTO FatoresAplicados VALUES(6, 'Ametoctradina', 100.0, 'Fertirrega');
INSERT INTO FatoresAplicados VALUES(7, 'Bifenox', 28.0, 'Solo');
INSERT INTO FatoresAplicados VALUES(7, 'Colecalciferol', 38.0, 'Foliar');
INSERT INTO FatoresAplicados VALUES(7, 'Dimetomorfe', 98.0, 'Fertirrega');
INSERT INTO FatoresAplicados VALUES(8, 'Bifenox', 93.0, 'Fertirrega');
INSERT INTO FatoresAplicados VALUES(9, 'Colecalciferol', 65.0, 'Solo');
INSERT INTO FatoresAplicados VALUES(10, 'Dimetomorfe', 34.0, 'Solo');
INSERT INTO FatoresAplicados VALUES(11, 'Dimetomorfe', 56.0, 'Solo');
INSERT INTO FatoresAplicados VALUES(12, 'Clorpirifos', 96.0, 'Solo');
INSERT INTO FatoresAplicados VALUES(13, 'Atrazina', 28.0, 'Fertirrega');
INSERT INTO FatoresAplicados VALUES(14, 'Clorpirifos', 75.0, 'Foliar');
INSERT INTO FatoresAplicados VALUES(15, 'Colecalciferol', 91.0, 'Solo');
INSERT INTO FatoresAplicados VALUES(16, 'Cobre', 62.0, 'Solo');
INSERT INTO FatoresAplicados VALUES(17, 'Enxofre', 25.0, 'Fertirrega');
INSERT INTO FatoresAplicados VALUES(18, 'Cobre', 35.0, 'Foliar');
INSERT INTO FatoresAplicados VALUES(19, 'Colecalciferol', 73.0, 'Solo');
INSERT INTO FatoresAplicados VALUES(20, 'Bifenox', 98.0, 'Foliar');
INSERT INTO FatoresAplicados VALUES(21, 'Imazamox', 36.0, 'Solo');
INSERT INTO FatoresAplicados VALUES(22, 'Colecalciferol', 82.0, 'Solo');
INSERT INTO FatoresAplicados VALUES(22, 'Atrazina', 61.0, 'Foliar');
INSERT INTO FatoresAplicados VALUES(23, 'Atrazina', 100.0, 'Solo');
INSERT INTO FatoresAplicados VALUES(24, 'Ametoctradina', 36.0, 'Solo');
INSERT INTO FatoresAplicados VALUES(24, 'Colecalciferol', 19.0, 'Foliar');

/* Restricao */
INSERT INTO Restricao (NOMECOMERCIALFATORPRODUCAO,DATAINICIAL,DATAFINAL) VALUES('Ametoctradina', TO_DATE('09-10-2020','DD-MM-YYYY'), TO_DATE('09-04-2023','DD-MM-YYYY'));
INSERT INTO Restricao (NOMECOMERCIALFATORPRODUCAO,DATAINICIAL,DATAFINAL) VALUES('Bentazona', TO_DATE('13-10-2014','DD-MM-YYYY'), TO_DATE('07-04-2023','DD-MM-YYYY'));
INSERT INTO Restricao (NOMECOMERCIALFATORPRODUCAO,DATAINICIAL,DATAFINAL) VALUES('Ametoctradina', TO_DATE('29-04-2019','DD-MM-YYYY'), TO_DATE('10-09-2023','DD-MM-YYYY'));
INSERT INTO Restricao (NOMECOMERCIALFATORPRODUCAO,DATAINICIAL,DATAFINAL) VALUES('Ametoctradina', TO_DATE('23-04-1995','DD-MM-YYYY'), TO_DATE('02-03-2023','DD-MM-YYYY'));
INSERT INTO Restricao (NOMECOMERCIALFATORPRODUCAO,DATAINICIAL,DATAFINAL) VALUES('Colecalciferol', TO_DATE('15-01-2007','DD-MM-YYYY'), TO_DATE('03-03-2007','DD-MM-YYYY'));
INSERT INTO Restricao (NOMECOMERCIALFATORPRODUCAO,DATAINICIAL,DATAFINAL) VALUES('Imazamox', TO_DATE('16-05-2008','DD-MM-YYYY'), TO_DATE('27-08-2023','DD-MM-YYYY'));
INSERT INTO Restricao (NOMECOMERCIALFATORPRODUCAO,DATAINICIAL,DATAFINAL) VALUES('Dimetomorfe', TO_DATE('29-10-2005','DD-MM-YYYY'), TO_DATE('05-03-2023','DD-MM-YYYY'));

/* 200 */
INSERT INTO Restricao (NOMECOMERCIALFATORPRODUCAO,DATAINICIAL,DATAFINAL) VALUES('Imazamox', TO_DATE('08-06-1997','DD-MM-YYYY'), TO_DATE('28-01-2023','DD-MM-YYYY'));
INSERT INTO Restricao (NOMECOMERCIALFATORPRODUCAO,DATAINICIAL,DATAFINAL) VALUES('Imazamox', TO_DATE('13-12-2016','DD-MM-YYYY'), TO_DATE('13-11-2019','DD-MM-YYYY'));
INSERT INTO Restricao (NOMECOMERCIALFATORPRODUCAO,DATAINICIAL,DATAFINAL) VALUES('Colecalciferol', TO_DATE('04-06-2015','DD-MM-YYYY'), TO_DATE('29-10-2017','DD-MM-YYYY'));
INSERT INTO Restricao (NOMECOMERCIALFATORPRODUCAO,DATAINICIAL,DATAFINAL) VALUES('Ametoctradina', TO_DATE('01-02-2002','DD-MM-YYYY'), TO_DATE('13-07-2004','DD-MM-YYYY'));
INSERT INTO Restricao (NOMECOMERCIALFATORPRODUCAO,DATAINICIAL,DATAFINAL) VALUES('Caulino', TO_DATE('14-05-2009','DD-MM-YYYY'), TO_DATE('07-10-2010','DD-MM-YYYY'));
INSERT INTO Restricao (NOMECOMERCIALFATORPRODUCAO,DATAINICIAL,DATAFINAL) VALUES('Caulino', TO_DATE('10-11-2016','DD-MM-YYYY'), TO_DATE('05-06-2023','DD-MM-YYYY'));
INSERT INTO Restricao (NOMECOMERCIALFATORPRODUCAO,DATAINICIAL,DATAFINAL) VALUES('Bentazona', TO_DATE('17-12-1998','DD-MM-YYYY'), TO_DATE('23-11-2023','DD-MM-YYYY'));
INSERT INTO Restricao (NOMECOMERCIALFATORPRODUCAO,DATAINICIAL,DATAFINAL) VALUES('Cobre', TO_DATE('25-08-2005','DD-MM-YYYY'), TO_DATE('09-01-2023','DD-MM-YYYY'));

/* 300 */
INSERT INTO Restricao (NOMECOMERCIALFATORPRODUCAO,DATAINICIAL,DATAFINAL) VALUES('Ametoctradina', TO_DATE('10-07-2009','DD-MM-YYYY'), TO_DATE('17-07-2010','DD-MM-YYYY'));
INSERT INTO Restricao (NOMECOMERCIALFATORPRODUCAO,DATAINICIAL,DATAFINAL) VALUES('Enxofre', TO_DATE('25-03-1999','DD-MM-YYYY'), TO_DATE('07-11-2002','DD-MM-YYYY'));
INSERT INTO Restricao (NOMECOMERCIALFATORPRODUCAO,DATAINICIAL,DATAFINAL) VALUES('Boscalide', TO_DATE('13-04-2004','DD-MM-YYYY'), TO_DATE('15-12-2023','DD-MM-YYYY'));
INSERT INTO Restricao (NOMECOMERCIALFATORPRODUCAO,DATAINICIAL,DATAFINAL) VALUES('Bifenox', TO_DATE('21-06-2014','DD-MM-YYYY'), TO_DATE('01-07-2023','DD-MM-YYYY'));
INSERT INTO Restricao (NOMECOMERCIALFATORPRODUCAO,DATAINICIAL,DATAFINAL) VALUES('Imazamox', TO_DATE('07-04-2021','DD-MM-YYYY'), TO_DATE('19-06-2023','DD-MM-YYYY'));

/* Restricao Setor */
/* 100 */
INSERT INTO RestricaoSetor (DESIGNACAOSETOR,IDEXPLORACAOAGRICOLA,IDRESTRICAO) VALUES('A', 100, 1);
INSERT INTO RestricaoSetor (DESIGNACAOSETOR,IDEXPLORACAOAGRICOLA,IDRESTRICAO) VALUES('A', 100, 2);
INSERT INTO RestricaoSetor (DESIGNACAOSETOR,IDEXPLORACAOAGRICOLA,IDRESTRICAO) VALUES('Q', 100, 3);
INSERT INTO RestricaoSetor (DESIGNACAOSETOR,IDEXPLORACAOAGRICOLA,IDRESTRICAO) VALUES('O', 100, 4);
INSERT INTO RestricaoSetor (DESIGNACAOSETOR,IDEXPLORACAOAGRICOLA,IDRESTRICAO) VALUES('O', 100, 1);

/* 200 */
INSERT INTO RestricaoSetor (DESIGNACAOSETOR,IDEXPLORACAOAGRICOLA,IDRESTRICAO) VALUES('C', 200, 7);
INSERT INTO RestricaoSetor (DESIGNACAOSETOR,IDEXPLORACAOAGRICOLA,IDRESTRICAO) VALUES('R', 200, 8);
INSERT INTO RestricaoSetor (DESIGNACAOSETOR,IDEXPLORACAOAGRICOLA,IDRESTRICAO) VALUES('R', 200, 2);
INSERT INTO RestricaoSetor (DESIGNACAOSETOR,IDEXPLORACAOAGRICOLA,IDRESTRICAO) VALUES('D', 200, 19);
INSERT INTO RestricaoSetor (DESIGNACAOSETOR,IDEXPLORACAOAGRICOLA,IDRESTRICAO) VALUES('D', 200, 18);
INSERT INTO RestricaoSetor (DESIGNACAOSETOR,IDEXPLORACAOAGRICOLA,IDRESTRICAO) VALUES('F', 200, 20);

/* 300 */
INSERT INTO RestricaoSetor (DESIGNACAOSETOR,IDEXPLORACAOAGRICOLA,IDRESTRICAO) VALUES('H', 300, 6);
INSERT INTO RestricaoSetor (DESIGNACAOSETOR,IDEXPLORACAOAGRICOLA,IDRESTRICAO) VALUES('H', 300, 8);
INSERT INTO RestricaoSetor (DESIGNACAOSETOR,IDEXPLORACAOAGRICOLA,IDRESTRICAO) VALUES('O', 300, 4);
INSERT INTO RestricaoSetor (DESIGNACAOSETOR,IDEXPLORACAOAGRICOLA,IDRESTRICAO) VALUES('O', 300, 1);
INSERT INTO RestricaoSetor (DESIGNACAOSETOR,IDEXPLORACAOAGRICOLA,IDRESTRICAO) VALUES('O', 300, 19);
INSERT INTO RestricaoSetor (DESIGNACAOSETOR,IDEXPLORACAOAGRICOLA,IDRESTRICAO) VALUES('N', 300, 3);

/* Constituinte */
INSERT INTO Constituinte VALUES('Pentóxido de fósforo', 86.0, '%', 'E');
INSERT INTO Constituinte VALUES('Óxido clorídrico', 95.0, '%', 'E');
INSERT INTO Constituinte VALUES('Carbono de origem química', 53.0, '%', 'E');
INSERT INTO Constituinte VALUES('Ácido sulfúrico', 36.0, '%', 'S');
INSERT INTO Constituinte VALUES('Azoto orgânico', 29.0, '%', 'S');

INSERT INTO Constituinte VALUES('Carbono de origem mineral', 35.0, '%', 'E');

INSERT INTO Constituinte VALUES('Óxido de magnésio', 47.0, '%', 'E');
INSERT INTO Constituinte VALUES('Ácido fosfórico', 95.0, '%', 'E');
INSERT INTO Constituinte VALUES('Ácido nítrico', 17.0, '%', 'S');

INSERT INTO Constituinte VALUES('Óxido nítrico', 76.0, '%', 'E');
INSERT INTO Constituinte VALUES('Ácido de magnésio', 18.0, '%', 'S');

INSERT INTO Constituinte VALUES('Óxido de nitrogénio', 17.0, '%', 'S');

INSERT INTO Constituinte VALUES('Óxido de estanho', 14.0, '%', 'E');
INSERT INTO Constituinte VALUES('Óxido de alumínio', 48.0, '%', 'E');

INSERT INTO Constituinte VALUES('Óxido de ferro', 51.0, '%', 'E');

INSERT INTO Constituinte VALUES('Carbono de origem biológica', 32.0, '%', 'E');
INSERT INTO Constituinte VALUES('Acido clorídrico', 100.0, '%', 'E');

/* FatorProducaoConstituinte */
INSERT INTO FatorProducaoConstituinte VALUES ('Ametoctradina','Pentóxido de fósforo');
INSERT INTO FatorProducaoConstituinte VALUES ('Ametoctradina','Óxido clorídrico');
INSERT INTO FatorProducaoConstituinte VALUES ('Cobre','Carbono de origem química');
INSERT INTO FatorProducaoConstituinte VALUES ('Ametoctradina','Ácido sulfúrico');
INSERT INTO FatorProducaoConstituinte VALUES ('Clorpirifos','Azoto orgânico');
INSERT INTO FatorProducaoConstituinte VALUES ('Dimetomorfe','Carbono de origem mineral');
INSERT INTO FatorProducaoConstituinte VALUES ('Ametoctradina','Óxido de magnésio');
INSERT INTO FatorProducaoConstituinte VALUES ('Ametoctradina','Ácido fosfórico');
INSERT INTO FatorProducaoConstituinte VALUES ('Atrazina','Ácido nítrico');
INSERT INTO FatorProducaoConstituinte VALUES ('Atrazina','Óxido nítrico');
INSERT INTO FatorProducaoConstituinte VALUES ('Atrazina','Óxido clorídrico');
INSERT INTO FatorProducaoConstituinte VALUES ('Boscalide','Ácido de magnésio');
INSERT INTO FatorProducaoConstituinte VALUES ('Atrazina','Azoto orgânico');
INSERT INTO FatorProducaoConstituinte VALUES ('Caulino','Óxido de nitrogénio');
INSERT INTO FatorProducaoConstituinte VALUES ('Bentazona','Óxido de estanho');
INSERT INTO FatorProducaoConstituinte VALUES ('Colecalciferol','Óxido de magnésio');
INSERT INTO FatorProducaoConstituinte VALUES ('Bentazona','Óxido de nitrogénio');
INSERT INTO FatorProducaoConstituinte VALUES ('Bifenox','Ácido sulfúrico');
INSERT INTO FatorProducaoConstituinte VALUES ('Bifenox','Óxido de alumínio');
INSERT INTO FatorProducaoConstituinte VALUES ('Enxofre','Carbono de origem biológica');
INSERT INTO FatorProducaoConstituinte VALUES ('Imazamox','Óxido de ferro');




/* Cultura */
INSERT INTO Cultura (DESIGNACAOSETOR,IDEXPLORACAOAGRICOLA,AREACULTURA,TIPO,CULTIVO) VALUES ('A', 100, 140.0, 'P', 'Tomate');
INSERT INTO Cultura (DESIGNACAOSETOR,IDEXPLORACAOAGRICOLA,AREACULTURA,TIPO,CULTIVO) VALUES ('A', 100, 453.0, 'P', 'Cebolinha');
INSERT INTO Cultura (DESIGNACAOSETOR,IDEXPLORACAOAGRICOLA,AREACULTURA,TIPO,CULTIVO) VALUES ('A', 100, 243.0, 'P', 'Chuchu');
INSERT INTO Cultura (DESIGNACAOSETOR,IDEXPLORACAOAGRICOLA,AREACULTURA,TIPO,CULTIVO) VALUES ('Q', 100, 388.0, 'P', 'Goiaba');
INSERT INTO Cultura (DESIGNACAOSETOR,IDEXPLORACAOAGRICOLA,AREACULTURA,TIPO,CULTIVO) VALUES ('Q', 100, 429.0, 'P', 'Chuchu');
INSERT INTO Cultura (DESIGNACAOSETOR,IDEXPLORACAOAGRICOLA,AREACULTURA,TIPO,CULTIVO) VALUES ('Q', 100, 280.0, 'P', 'Coco');
INSERT INTO Cultura (DESIGNACAOSETOR,IDEXPLORACAOAGRICOLA,AREACULTURA,TIPO,CULTIVO) VALUES ('O', 100, 179.0, 'P', 'Milho');
INSERT INTO Cultura (DESIGNACAOSETOR,IDEXPLORACAOAGRICOLA,AREACULTURA,TIPO,CULTIVO) VALUES ('O', 100, 100.0, 'P', 'Coco');
INSERT INTO Cultura (DESIGNACAOSETOR,IDEXPLORACAOAGRICOLA,AREACULTURA,TIPO,CULTIVO) VALUES ('M', 100, 779.0, 'P', 'Milho');
INSERT INTO Cultura (DESIGNACAOSETOR,IDEXPLORACAOAGRICOLA,AREACULTURA,TIPO,CULTIVO) VALUES ('M', 100, 163.0, 'P', 'Coco');
INSERT INTO Cultura (DESIGNACAOSETOR,IDEXPLORACAOAGRICOLA,AREACULTURA,TIPO,CULTIVO) VALUES ('T', 100, 130.0, 'P', 'Milho');
INSERT INTO Cultura (DESIGNACAOSETOR,IDEXPLORACAOAGRICOLA,AREACULTURA,TIPO,CULTIVO) VALUES ('Y', 100, 263.0, 'P', 'Coco');

/* 200 */
INSERT INTO Cultura (DESIGNACAOSETOR,IDEXPLORACAOAGRICOLA,AREACULTURA,TIPO,CULTIVO) VALUES ('C', 200, 215.0, 'P', 'Caju');
INSERT INTO Cultura (DESIGNACAOSETOR,IDEXPLORACAOAGRICOLA,AREACULTURA,TIPO,CULTIVO) VALUES ('C', 200, 127.0, 'P', 'Couve');
INSERT INTO Cultura (DESIGNACAOSETOR,IDEXPLORACAOAGRICOLA,AREACULTURA,TIPO,CULTIVO) VALUES ('D', 200, 174.0, 'P', 'Caju');
INSERT INTO Cultura (DESIGNACAOSETOR,IDEXPLORACAOAGRICOLA,AREACULTURA,TIPO,CULTIVO) VALUES ('D', 200, 496.0, 'P', 'Melancia');
INSERT INTO Cultura (DESIGNACAOSETOR,IDEXPLORACAOAGRICOLA,AREACULTURA,TIPO,CULTIVO) VALUES ('R', 200, 149.0, 'P', 'Tomate');
INSERT INTO Cultura (DESIGNACAOSETOR,IDEXPLORACAOAGRICOLA,AREACULTURA,TIPO,CULTIVO) VALUES ('R', 200, 411.0, 'P', 'Amora');
INSERT INTO Cultura (DESIGNACAOSETOR,IDEXPLORACAOAGRICOLA,AREACULTURA,TIPO,CULTIVO) VALUES ('R', 200, 342.0, 'P', 'Tangerina');
INSERT INTO Cultura (DESIGNACAOSETOR,IDEXPLORACAOAGRICOLA,AREACULTURA,TIPO,CULTIVO) VALUES ('S', 200, 265.0, 'P', 'Quiabo');
INSERT INTO Cultura (DESIGNACAOSETOR,IDEXPLORACAOAGRICOLA,AREACULTURA,TIPO,CULTIVO) VALUES ('F', 200, 750.0, 'P', 'Tomate');
INSERT INTO Cultura (DESIGNACAOSETOR,IDEXPLORACAOAGRICOLA,AREACULTURA,TIPO,CULTIVO) VALUES ('V', 200, 160.0, 'P', 'Cenoura');
INSERT INTO Cultura (DESIGNACAOSETOR,IDEXPLORACAOAGRICOLA,AREACULTURA,TIPO,CULTIVO) VALUES ('V', 200, 408.0, 'P', 'Tomate');
INSERT INTO Cultura (DESIGNACAOSETOR,IDEXPLORACAOAGRICOLA,AREACULTURA,TIPO,CULTIVO) VALUES ('B', 200, 260.0, 'P', 'Cenoura');
INSERT INTO Cultura (DESIGNACAOSETOR,IDEXPLORACAOAGRICOLA,AREACULTURA,TIPO,CULTIVO) VALUES ('B', 200, 468.0, 'P', 'Tomate');
INSERT INTO Cultura (DESIGNACAOSETOR,IDEXPLORACAOAGRICOLA,AREACULTURA,TIPO,CULTIVO) VALUES ('B', 200, 365.0, 'P', 'Cenoura');

/* 300 */
INSERT INTO Cultura (DESIGNACAOSETOR,IDEXPLORACAOAGRICOLA,AREACULTURA,TIPO,CULTIVO) VALUES ('H', 300, 209.0, 'P', 'Espinafre');
INSERT INTO Cultura (DESIGNACAOSETOR,IDEXPLORACAOAGRICOLA,AREACULTURA,TIPO,CULTIVO) VALUES ('H', 300, 165.0, 'P', 'Acerola');
INSERT INTO Cultura (DESIGNACAOSETOR,IDEXPLORACAOAGRICOLA,AREACULTURA,TIPO,CULTIVO) VALUES ('H', 300, 495.0, 'P', 'Abacaxi');
INSERT INTO Cultura (DESIGNACAOSETOR,IDEXPLORACAOAGRICOLA,AREACULTURA,TIPO,CULTIVO) VALUES ('Q', 300, 207.0, 'P', 'Melancia');
INSERT INTO Cultura (DESIGNACAOSETOR,IDEXPLORACAOAGRICOLA,AREACULTURA,TIPO,CULTIVO) VALUES ('Q', 300, 211.0, 'P', 'Quiabo');
INSERT INTO Cultura (DESIGNACAOSETOR,IDEXPLORACAOAGRICOLA,AREACULTURA,TIPO,CULTIVO) VALUES ('Q', 300, 284.0, 'P', 'Couve');
INSERT INTO Cultura (DESIGNACAOSETOR,IDEXPLORACAOAGRICOLA,AREACULTURA,TIPO,CULTIVO) VALUES ('Q', 300, 242.0, 'P', 'Pimentão');
INSERT INTO Cultura (DESIGNACAOSETOR,IDEXPLORACAOAGRICOLA,AREACULTURA,TIPO,CULTIVO) VALUES ('O', 300, 40.0, 'P', 'Mandioca');
INSERT INTO Cultura (DESIGNACAOSETOR,IDEXPLORACAOAGRICOLA,AREACULTURA,TIPO,CULTIVO) VALUES ('N', 300, 228.0, 'P', 'Cenoura');
INSERT INTO Cultura (DESIGNACAOSETOR,IDEXPLORACAOAGRICOLA,AREACULTURA,TIPO,CULTIVO) VALUES ('N', 300, 224.0, 'P', 'Couve-flor');


/* Produto */
INSERT INTO Produto(nome) VALUES('Tomate');
INSERT INTO Produto(nome) VALUES('Polpa de tomate');
INSERT INTO Produto(nome) VALUES('Cebolinha');
INSERT INTO Produto(nome) VALUES('Cebola');
INSERT INTO Produto(nome) VALUES('Chuchu');
INSERT INTO Produto(nome) VALUES('Cenoura');
INSERT INTO Produto(nome) VALUES('Couve');
INSERT INTO Produto(nome) VALUES('Espinafre');
INSERT INTO Produto(nome) VALUES('Pimentão');
INSERT INTO Produto(nome) VALUES('Quiabo');
INSERT INTO Produto(nome) VALUES('Abacaxi');
INSERT INTO Produto(nome) VALUES('Acerola');
INSERT INTO Produto(nome) VALUES('Melancia');
INSERT INTO Produto(nome) VALUES('Mandioca');
INSERT INTO Produto(nome) VALUES('Couve-flor');
INSERT INTO Produto(nome) VALUES('Tangerina');
INSERT INTO Produto(nome) VALUES('Goiaba');

/* ProdutoCultura */
INSERT INTO CulturaProduto VALUES(1, 1);
INSERT INTO CulturaProduto VALUES(1, 2);
INSERT INTO CulturaProduto VALUES(1, 3);
INSERT INTO CulturaProduto VALUES(2, 4);
INSERT INTO CulturaProduto VALUES(2, 5);
INSERT INTO CulturaProduto VALUES(3, 6);
INSERT INTO CulturaProduto VALUES(3, 7);
INSERT INTO CulturaProduto VALUES(4, 8);
INSERT INTO CulturaProduto VALUES(4, 9);
INSERT INTO CulturaProduto VALUES(5, 10);
INSERT INTO CulturaProduto VALUES(5, 11);
INSERT INTO CulturaProduto VALUES(6, 12);
INSERT INTO CulturaProduto VALUES(6, 13);


/* Safra */
/* 100 */
INSERT INTO Safra (IDCULTURA,QUANTIDADEPRODUCAO,LUCRO) VALUES(1, 93553.0, 478817.0);
INSERT INTO Safra (IDCULTURA,QUANTIDADEPRODUCAO,LUCRO) VALUES(1, 37679.0, 982836.0);
INSERT INTO Safra (IDCULTURA,QUANTIDADEPRODUCAO,LUCRO) VALUES(1, 5586.0, 206846.0);
INSERT INTO Safra (IDCULTURA,QUANTIDADEPRODUCAO,LUCRO) VALUES(2, 30912.0, 490810.0);
INSERT INTO Safra (IDCULTURA,QUANTIDADEPRODUCAO,LUCRO) VALUES(2, 40195.0, 696825.0);
INSERT INTO Safra (IDCULTURA,QUANTIDADEPRODUCAO,LUCRO) VALUES(2, 68791.0, 254150.0);
INSERT INTO Safra (IDCULTURA,QUANTIDADEPRODUCAO,LUCRO) VALUES(3, 45509.0, 495184.0);
INSERT INTO Safra (IDCULTURA,QUANTIDADEPRODUCAO,LUCRO) VALUES(3, 6332.0, 890023.0);
INSERT INTO Safra (IDCULTURA,QUANTIDADEPRODUCAO,LUCRO) VALUES(4, 84883.0, 152481.0);
INSERT INTO Safra (IDCULTURA,QUANTIDADEPRODUCAO,LUCRO) VALUES(4, 57579.0, 202203.0);
INSERT INTO Safra (IDCULTURA,QUANTIDADEPRODUCAO,LUCRO) VALUES(5, 2037.0, 700678.0);
INSERT INTO Safra (IDCULTURA,QUANTIDADEPRODUCAO,LUCRO) VALUES(5, 31791.0, 721396.0);
INSERT INTO Safra (IDCULTURA,QUANTIDADEPRODUCAO,LUCRO) VALUES(6, 54371.0, 197349.0);
INSERT INTO Safra (IDCULTURA,QUANTIDADEPRODUCAO,LUCRO) VALUES(7, 23213.0, 615341.0);
INSERT INTO Safra (IDCULTURA,QUANTIDADEPRODUCAO,LUCRO) VALUES(7, 2069.0, 538415.0);
INSERT INTO Safra (IDCULTURA,QUANTIDADEPRODUCAO,LUCRO) VALUES(7, 91422.0, 260213.0);
INSERT INTO Safra (IDCULTURA,QUANTIDADEPRODUCAO,LUCRO) VALUES(8, 66766.0, 423895.0);
INSERT INTO Safra (IDCULTURA,QUANTIDADEPRODUCAO,LUCRO) VALUES(9, 16906.0, 890118.0);
INSERT INTO Safra (IDCULTURA,QUANTIDADEPRODUCAO,LUCRO) VALUES(9, 32680.0, 144312.0);
INSERT INTO Safra (IDCULTURA,QUANTIDADEPRODUCAO,LUCRO) VALUES(10, 48062.0, 853876.0);
INSERT INTO Safra (IDCULTURA,QUANTIDADEPRODUCAO,LUCRO) VALUES(10, 13237.0, 390159.0);
INSERT INTO Safra (IDCULTURA,QUANTIDADEPRODUCAO,LUCRO) VALUES(11, 89501.0, 432584.0);
INSERT INTO Safra (IDCULTURA,QUANTIDADEPRODUCAO,LUCRO) VALUES(12, 12325.0, 620463.0);

/* 200 */
INSERT INTO Safra (IDCULTURA,QUANTIDADEPRODUCAO,LUCRO) VALUES(13, 83852.0, 505364.0);
INSERT INTO Safra (IDCULTURA,QUANTIDADEPRODUCAO,LUCRO) VALUES(13, 38189.0, 102407.0);
INSERT INTO Safra (IDCULTURA,QUANTIDADEPRODUCAO,LUCRO) VALUES(13, 3027.0, 681491.0);
INSERT INTO Safra (IDCULTURA,QUANTIDADEPRODUCAO,LUCRO) VALUES(14, 90485.0, 874890.0);
INSERT INTO Safra (IDCULTURA,QUANTIDADEPRODUCAO,LUCRO) VALUES(14, 76642.0, 250305.0);
INSERT INTO Safra (IDCULTURA,QUANTIDADEPRODUCAO,LUCRO) VALUES(15, 9924.0, 899459.0);
INSERT INTO Safra (IDCULTURA,QUANTIDADEPRODUCAO,LUCRO) VALUES(15, 79723.0, 447322.0);
INSERT INTO Safra (IDCULTURA,QUANTIDADEPRODUCAO,LUCRO) VALUES(15, 26875.0, 166474.0);
INSERT INTO Safra (IDCULTURA,QUANTIDADEPRODUCAO,LUCRO) VALUES(16, 39892.0, 532840.0);
INSERT INTO Safra (IDCULTURA,QUANTIDADEPRODUCAO,LUCRO) VALUES(16, 54753.0, 249512.0);
INSERT INTO Safra (IDCULTURA,QUANTIDADEPRODUCAO,LUCRO) VALUES(16, 7539.0, 160606.0);
INSERT INTO Safra (IDCULTURA,QUANTIDADEPRODUCAO,LUCRO) VALUES(17, 97165.0, 673145.0);
INSERT INTO Safra (IDCULTURA,QUANTIDADEPRODUCAO,LUCRO) VALUES(17, 29642.0, 947459.0);
INSERT INTO Safra (IDCULTURA,QUANTIDADEPRODUCAO,LUCRO) VALUES(18, 48289.0, 298276.0);
INSERT INTO Safra (IDCULTURA,QUANTIDADEPRODUCAO,LUCRO) VALUES(18, 78168.0, 777841.0);
INSERT INTO Safra (IDCULTURA,QUANTIDADEPRODUCAO,LUCRO) VALUES(19, 1034.0, 738629.0);
INSERT INTO Safra (IDCULTURA,QUANTIDADEPRODUCAO,LUCRO) VALUES(19, 99952.0, 969572.0);
INSERT INTO Safra (IDCULTURA,QUANTIDADEPRODUCAO,LUCRO) VALUES(20, 19915.0, 942754.0);
INSERT INTO Safra (IDCULTURA,QUANTIDADEPRODUCAO,LUCRO) VALUES(20, 4742.0, 362329.0);
INSERT INTO Safra (IDCULTURA,QUANTIDADEPRODUCAO,LUCRO) VALUES(20, 19840.0, 613832.0);
INSERT INTO Safra (IDCULTURA,QUANTIDADEPRODUCAO,LUCRO) VALUES(21, 40342.0, 686132.0);
INSERT INTO Safra (IDCULTURA,QUANTIDADEPRODUCAO,LUCRO) VALUES(21, 22220.0, 879338.0);
INSERT INTO Safra (IDCULTURA,QUANTIDADEPRODUCAO,LUCRO) VALUES(22, 62821.0, 746973.0);
INSERT INTO Safra (IDCULTURA,QUANTIDADEPRODUCAO,LUCRO) VALUES(22, 7349.0, 822707.0);
INSERT INTO Safra (IDCULTURA,QUANTIDADEPRODUCAO,LUCRO) VALUES(22, 94527.0, 172618.0);
INSERT INTO Safra (IDCULTURA,QUANTIDADEPRODUCAO,LUCRO) VALUES(23, 69488.0, 167197.0);
INSERT INTO Safra (IDCULTURA,QUANTIDADEPRODUCAO,LUCRO) VALUES(24, 91614.0, 706308.0);
INSERT INTO Safra (IDCULTURA,QUANTIDADEPRODUCAO,LUCRO) VALUES(24, 41088.0, 239498.0);
INSERT INTO Safra (IDCULTURA,QUANTIDADEPRODUCAO,LUCRO) VALUES(25, 94501.0, 685173.0);
INSERT INTO Safra (IDCULTURA,QUANTIDADEPRODUCAO,LUCRO) VALUES(25, 41236.0, 204483.0);
INSERT INTO Safra (IDCULTURA,QUANTIDADEPRODUCAO,LUCRO) VALUES(26, 66724.0, 125323.0);

/* 300 */
INSERT INTO Safra (IDCULTURA,QUANTIDADEPRODUCAO,LUCRO) VALUES(27, 29115.0, 841505.0);
INSERT INTO Safra (IDCULTURA,QUANTIDADEPRODUCAO,LUCRO) VALUES(27, 92167.0, 105708.0);
INSERT INTO Safra (IDCULTURA,QUANTIDADEPRODUCAO,LUCRO) VALUES(28, 7661.0, 759553.0);
INSERT INTO Safra (IDCULTURA,QUANTIDADEPRODUCAO,LUCRO) VALUES(29, 29181.0, 189292.0);
INSERT INTO Safra (IDCULTURA,QUANTIDADEPRODUCAO,LUCRO) VALUES(29, 45544.0, 345489.0);
INSERT INTO Safra (IDCULTURA,QUANTIDADEPRODUCAO,LUCRO) VALUES(29, 7450.0, 502318.0);
INSERT INTO Safra (IDCULTURA,QUANTIDADEPRODUCAO,LUCRO) VALUES(30, 6754.0, 544781.0);
INSERT INTO Safra (IDCULTURA,QUANTIDADEPRODUCAO,LUCRO) VALUES(30, 19146.0, 201972.0);
INSERT INTO Safra (IDCULTURA,QUANTIDADEPRODUCAO,LUCRO) VALUES(31, 1332.0, 636637.0);
INSERT INTO Safra (IDCULTURA,QUANTIDADEPRODUCAO,LUCRO) VALUES(32, 5366.0, 796074.0);
INSERT INTO Safra (IDCULTURA,QUANTIDADEPRODUCAO,LUCRO) VALUES(32, 72156.0, 789864.0);
INSERT INTO Safra (IDCULTURA,QUANTIDADEPRODUCAO,LUCRO) VALUES(33, 27234.0, 300635.0);
INSERT INTO Safra (IDCULTURA,QUANTIDADEPRODUCAO,LUCRO) VALUES(34, 88634.0, 674396.0);
INSERT INTO Safra (IDCULTURA,QUANTIDADEPRODUCAO,LUCRO) VALUES(35, 10008.0, 455819.0);
INSERT INTO Safra (IDCULTURA,QUANTIDADEPRODUCAO,LUCRO) VALUES(36, 26459.0, 856585.0);

/* Característica */
/* 100 */
INSERT INTO Caracteristica (IDCULTURA,NOME) VALUES(1, 'Capacidade');
INSERT INTO Caracteristica (IDCULTURA,NOME) VALUES(2, 'Grelhadores');
INSERT INTO Caracteristica (IDCULTURA,NOME) VALUES(3, 'Minhocas');
INSERT INTO Caracteristica (IDCULTURA,NOME) VALUES(4, 'Relva');
INSERT INTO Caracteristica (IDCULTURA,NOME) VALUES(5, 'Sementes');
INSERT INTO Caracteristica (IDCULTURA,NOME) VALUES(6, 'Trabalhadores');

/* 200 */
INSERT INTO Caracteristica (IDCULTURA,NOME) VALUES(7, 'Blocos');
INSERT INTO Caracteristica (IDCULTURA,NOME) VALUES(8, 'Sistema de Rega');
INSERT INTO Caracteristica (IDCULTURA,NOME) VALUES(9, 'Trabalhadores');

/* 300 */
INSERT INTO Caracteristica (IDCULTURA,NOME) VALUES(10, 'Trabalhadores');
INSERT INTO Caracteristica (IDCULTURA,NOME) VALUES(11, 'Blocos');
INSERT INTO Caracteristica (IDCULTURA,NOME) VALUES(12, 'Equipamento');

/* Parámetros */
/* 100 */
INSERT INTO Parametro (IDCARACTERISTICA,IDCULTURA,NOME) VALUES(1, 1, 'espécie');
INSERT INTO Parametro (IDCARACTERISTICA,IDCULTURA,NOME) VALUES(2, 2, 'tipo');
INSERT INTO Parametro (IDCARACTERISTICA,IDCULTURA,NOME) VALUES(3,3, 'custo');
INSERT INTO Parametro (IDCARACTERISTICA,IDCULTURA,NOME) VALUES(4, 4, 'nome');

/* 200 */
INSERT INTO Parametro (IDCARACTERISTICA,IDCULTURA,NOME) VALUES(5, 5, 'nome');
INSERT INTO Parametro (IDCARACTERISTICA,IDCULTURA,NOME) VALUES(6, 6, 'dimensão');
INSERT INTO Parametro (IDCARACTERISTICA,IDCULTURA,NOME) VALUES(7, 7, 'marca');

/* 300 */
INSERT INTO Parametro (IDCARACTERISTICA,IDCULTURA,NOME) VALUES(8, 8, 'Preço');


/* Relatório - valores expectávies */

/* Gestor Agrícola */
SELECT 'Gestor Agrícola' Tabela, COUNT(idGestorAgricola) Actual, 4 Expected FROM GestorAgricola;

/* Exploração Agrícola */
SELECT 'Exploração Agrícola' Tabela, COUNT(idExploracaoAgricola) Actual, 4 Expected FROM ExploracaoAgricola;

/* Cliente */
SELECT 'Cliente' Tabela, COUNT(codigoInterno) Actual, 8 Expected FROM Cliente;

/* Cliente - Exploração Agricola */
SELECT 'Cliente - Exploração Agricola' Tabela, COUNT(codigoInternoCliente) Actual, 17 Expected FROM ClienteExploracaoAgricola;

/* Incidente */
SELECT 'Incidente' Tabela, COUNT(idIncidente) Actual, 8 Expected FROM Incidente;

/* Codigo Postal */
SELECT 'Codigo Postal' Tabela, COUNT(codigoPostal) Actual, 16 Expected FROM CodigoPostal;

/* Morada */
SELECT 'Morada' Tabela, COUNT(numeroPorta) Actual, 16 Expected FROM Morada;

/* Encomenda */
SELECT 'Encomenda' Tabela, COUNT(numeroEncomenda) Actual, 27 Expected FROM Encomenda;

/* Estação Meteorológica */
SELECT 'Estação Meteorológica' Tabela, COUNT(idEstacaoMeteorologica) Actual, 4 Expected FROM EstacaoMeteorologica;

/* Tipo Sensor */
SELECT 'Tipo Sensor' Tabela, COUNT(tipo) Actual, 7 Expected FROM TipoSensor;

/* Sensor */
SELECT 'Sensor' Tabela, COUNT(identificador) Actual, 78 Expected FROM Sensor;

/* Setor */
SELECT 'Setor' Tabela, COUNT(designacao) Actual, 17 Expected FROM Setor;

/* Auditoria */
SELECT 'Registo Auditoria' Tabela, COUNT(idAuditoria) Actual, 76 Expected FROM Auditoria;

/* Operação Agrícola */
SELECT 'Operação Agrícola' Tabela, COUNT(idOperacaoAgricola) Actual, 26 Expected FROM OperacaoAgricola;

/* Fator Produção */
SELECT 'Fator Produção' Tabela, COUNT(nomeComercial) Actual, 12 Expected FROM FatorProducao;

/* Fatores Aplicados */
SELECT 'Fatores Aplicados' Tabela, COUNT(nomeComercialFatorProducao) Actual, 30 Expected FROM FatoresAplicados;

/* Restrição */
SELECT 'Restrição' Tabela, COUNT(IDRESTRICAO) Actual, 20 Expected FROM Restricao;

/* Restrição Setor */
SELECT 'Restrição Setor' Tabela, COUNT(IDRESTRICAO) Actual, 17 Expected FROM RestricaoSetor;

/* Constituinte */
SELECT 'Constituinte' Tabela, COUNT(nome) Actual, 17 Expected FROM Constituinte;

/* Fator Produção - Constituinte */
SELECT 'Fator Produção - Constituinte' Tabela, COUNT(nomeComercialFatorProducao) Actual, 21 Expected FROM FatorProducaoConstituinte;

/* Cultura */
SELECT 'Cultura' Tabela, COUNT(idCultura) Actual, 36 Expected FROM Cultura;

/* Safra */
SELECT 'Safra' Tabela, COUNT(idSafra) Actual, 69 Expected FROM Safra;

/* Característica  */
SELECT 'Característica' Tabela, COUNT(idCaracteristica) Actual, 12 Expected FROM Caracteristica;

/* Parâmetro  */
SELECT 'Parâmetro' Tabela, COUNT(idParametro) Actual, 8 Expected FROM Parametro;

/* Hub */
SELECT 'Hub' Tabela, COUNT(idHub) Actual, 4 Expected FROM Hub;